{
  "status": "completed",
  "run_name": "ackley_d5_beta20_ula_seed1_mlp256x3_eps_seed1",
  "sample_run_name": "ackley_d5_beta20_ula_seed1",
  "n_training_samples": 8192,
  "dim": 5,
  "n_params": 150789,
  "wall_clock_seconds": 21.9,
  "final_loss": 1.217056,
  "loss_history": [
    1.7378,
    1.333658,
    1.334329,
    1.323062,
    1.291494,
    1.259161,
    1.244263,
    1.240634,
    1.229355,
    1.224006,
    1.230869,
    1.227735,
    1.221334,
    1.222132,
    1.218926,
    1.219843,
    1.215057,
    1.217766,
    1.22169,
    1.218574,
    1.222208,
    1.219347,
    1.215448,
    1.216117,
    1.218044,
    1.223564,
    1.214246,
    1.221022,
    1.219544,
    1.220814,
    1.216384,
    1.211758,
    1.216163,
    1.21329,
    1.211382,
    1.216521,
    1.217649,
    1.22861,
    1.221132,
    1.217056
  ]
}