{
  "status": "completed",
  "run_name": "ackley_d10_beta10_ula_seed2_mlp256x3_eps_seed2",
  "sample_run_name": "ackley_d10_beta10_ula_seed2",
  "n_training_samples": 8192,
  "dim": 10,
  "n_params": 153354,
  "wall_clock_seconds": 22.46,
  "final_loss": 0.446389,
  "loss_history": [
    2.158743,
    0.881263,
    0.802438,
    0.759399,
    0.655958,
    0.483515,
    0.468024,
    0.463787,
    0.457646,
    0.45543,
    0.455431,
    0.460826,
    0.454856,
    0.456763,
    0.451627,
    0.452598,
    0.453142,
    0.448161,
    0.456636,
    0.451662,
    0.447053,
    0.449657,
    0.45261,
    0.448882,
    0.446659,
    0.448584,
    0.446893,
    0.445344,
    0.447426,
    0.448216,
    0.447288,
    0.446132,
    0.447089,
    0.450543,
    0.449992,
    0.447038,
    0.441944,
    0.444468,
    0.441047,
    0.446389
  ]
}