{
  "status": "completed",
  "run_name": "ackley_d20_beta10_ula_seed0_mlp256x3_eps_seed0",
  "sample_run_name": "ackley_d20_beta10_ula_seed0",
  "n_training_samples": 8192,
  "dim": 20,
  "n_params": 158484,
  "wall_clock_seconds": 16.56,
  "final_loss": 3.773541,
  "loss_history": [
    6.443183,
    3.994063,
    3.981706,
    3.982077,
    3.975694,
    3.947708,
    3.96595,
    3.947961,
    3.974339,
    3.954656,
    3.946896,
    3.946026,
    3.928291,
    3.896634,
    3.890384,
    3.890928,
    3.874128,
    3.858236,
    3.832315,
    3.858564,
    3.833886,
    3.810312,
    3.813671,
    3.808059,
    3.794641,
    3.781685,
    3.794523,
    3.79375,
    3.794744,
    3.792245,
    3.796979,
    3.784784,
    3.781379,
    3.771105,
    3.776576,
    3.789793,
    3.778955,
    3.78618,
    3.770839,
    3.773541
  ]
}