{
  "dim": 10,
  "beta_m": 5.0,
  "beta_h": 50.0,
  "n_train": 2048,
  "seed": 2,
  "n_samples": 8192,
  "local_steps": 10,
  "r_max": 100,
  "oracle_cost_setup": 20480000,
  "oracle_cost_per_use": 81920,
  "wall_seconds": 39.29,
  "batch_best": [
    0.08562564849853516,
    0.0859384536743164,
    0.09804248809814453,
    0.0790567398071289,
    0.02798748016357422,
    0.08174419403076172,
    0.08443546295166016,
    0.0898427963256836,
    0.09963130950927734,
    0.10175800323486328,
    0.1040334701538086,
    0.11529064178466797,
    0.07845592498779297,
    0.05279064178466797,
    0.07384586334228516,
    0.0926523208618164,
    0.11030292510986328,
    0.0652475357055664,
    0.06427669525146484,
    0.08256244659423828,
    0.08585262298583984,
    0.09914684295654297,
    0.09389400482177734,
    0.10883235931396484,
    0.08464717864990234,
    0.1116037368774414,
    0.10358524322509766,
    0.10589885711669922,
    0.09538936614990234,
    0.08735942840576172,
    0.10228824615478516,
    0.1071176528930664,
    0.0779104232788086,
    0.10301494598388672,
    0.061545372009277344,
    0.09099864959716797,
    0.08054637908935547,
    0.0723867416381836,
    0.09650516510009766,
    0.09225940704345703,
    0.0939931869506836,
    0.07901859283447266,
    0.0958719253540039,
    0.09831905364990234,
    0.12553119659423828,
    0.07966327667236328,
    0.09574031829833984,
    0.08237934112548828,
    0.10434818267822266,
    0.0978384017944336,
    0.07460308074951172,
    0.09653568267822266,
    0.10736751556396484,
    0.08611011505126953,
    0.08229541778564453,
    0.10221004486083984,
    0.0967874526977539,
    0.10370731353759766,
    0.09584522247314453,
    0.08670711517333984,
    0.0813283920288086,
    0.08362293243408203,
    0.07589054107666016,
    0.057808876037597656,
    0.09259891510009766,
    0.09659481048583984,
    0.0943307876586914,
    0.10379695892333984,
    0.1041269302368164,
    0.11376667022705078,
    0.09911632537841797,
    0.10183429718017578,
    0.10014057159423828,
    0.0832509994506836,
    0.11394786834716797,
    0.08681774139404297,
    0.08391094207763672,
    0.12173938751220703,
    0.07693195343017578,
    0.10350513458251953,
    0.10682964324951172,
    0.08394527435302734,
    0.10086536407470703,
    0.0669088363647461,
    0.09340572357177734,
    0.09460926055908203,
    0.08721446990966797,
    0.07314777374267578,
    0.0955953598022461,
    0.09764385223388672,
    0.06972217559814453,
    0.11639690399169922,
    0.08113574981689453,
    0.10304927825927734,
    0.11470699310302734,
    0.09240055084228516,
    0.11313724517822266,
    0.06289196014404297,
    0.0891733169555664,
    0.10675525665283203
  ],
  "batch_q01": [
    0.21923023462295532,
    0.2214713841676712,
    0.20879071950912476,
    0.2050570845603943,
    0.21068157255649567,
    0.207924485206604,
    0.22468781471252441,
    0.22105945646762848,
    0.2325199842453003,
    0.213885098695755,
    0.21778449416160583,
    0.21690410375595093,
    0.217049703001976,
    0.2108670026063919,
    0.22257013618946075,
    0.21044757962226868,
    0.21360765397548676,
    0.21883685886859894,
    0.22299353778362274,
    0.21659362316131592,
    0.21701191365718842,
    0.22823657095432281,
    0.21786431968212128,
    0.2209731489419937,
    0.20945587754249573,
    0.21025387942790985,
    0.21089458465576172,
    0.20659030973911285,
    0.21536356210708618,
    0.21830765902996063,
    0.20674073696136475,
    0.2150658220052719,
    0.2146395593881607,
    0.22058580815792084,
    0.2202756106853485,
    0.2174665331840515,
    0.21510761976242065,
    0.22425709664821625,
    0.20884130895137787,
    0.2102426141500473,
    0.21489109098911285,
    0.21462811529636383,
    0.21778897941112518,
    0.21275639533996582,
    0.21069581806659698,
    0.2218097299337387,
    0.2181244045495987,
    0.2197975069284439,
    0.21990005671977997,
    0.21392127871513367,
    0.21166974306106567,
    0.2222108393907547,
    0.21966363489627838,
    0.21486176550388336,
    0.21547576785087585,
    0.2133459597826004,
    0.21241134405136108,
    0.2104106992483139,
    0.22456887364387512,
    0.2152354121208191,
    0.22138141095638275,
    0.21188868582248688,
    0.22079402208328247,
    0.21760478615760803,
    0.22101660072803497,
    0.21474871039390564,
    0.21440866589546204,
    0.2154214084148407,
    0.22536113858222961,
    0.2162759155035019,
    0.2099587470293045,
    0.211393341422081,
    0.21839158236980438,
    0.22370369732379913,
    0.23008975386619568,
    0.21144701540470123,
    0.20440822839736938,
    0.21066918969154358,
    0.2217872142791748,
    0.21973811089992523,
    0.21676188707351685,
    0.2304914891719818,
    0.21855948865413666,
    0.21577146649360657,
    0.21013213694095612,
    0.2076297551393509,
    0.21442733705043793,
    0.2051822692155838,
    0.21113650500774384,
    0.22005879878997803,
    0.22012139856815338,
    0.21981996297836304,
    0.2085006833076477,
    0.21892490983009338,
    0.21924589574337006,
    0.21919502317905426,
    0.20801153779029846,
    0.2264183759689331,
    0.21568599343299866,
    0.22629106044769287
  ],
  "cumulative_best": [
    0.08562564849853516,
    0.08562564849853516,
    0.08562564849853516,
    0.0790567398071289,
    0.02798748016357422,
    0.02798748016357422,
    0.02798748016357422,
    0.02798748016357422,
    0.02798748016357422,
    0.02798748016357422,
    0.02798748016357422,
    0.02798748016357422,
    0.02798748016357422,
    0.02798748016357422,
    0.02798748016357422,
    0.02798748016357422,
    0.02798748016357422,
    0.02798748016357422,
    0.02798748016357422,
    0.02798748016357422,
    0.02798748016357422,
    0.02798748016357422,
    0.02798748016357422,
    0.02798748016357422,
    0.02798748016357422,
    0.02798748016357422,
    0.02798748016357422,
    0.02798748016357422,
    0.02798748016357422,
    0.02798748016357422,
    0.02798748016357422,
    0.02798748016357422,
    0.02798748016357422,
    0.02798748016357422,
    0.02798748016357422,
    0.02798748016357422,
    0.02798748016357422,
    0.02798748016357422,
    0.02798748016357422,
    0.02798748016357422,
    0.02798748016357422,
    0.02798748016357422,
    0.02798748016357422,
    0.02798748016357422,
    0.02798748016357422,
    0.02798748016357422,
    0.02798748016357422,
    0.02798748016357422,
    0.02798748016357422,
    0.02798748016357422,
    0.02798748016357422,
    0.02798748016357422,
    0.02798748016357422,
    0.02798748016357422,
    0.02798748016357422,
    0.02798748016357422,
    0.02798748016357422,
    0.02798748016357422,
    0.02798748016357422,
    0.02798748016357422,
    0.02798748016357422,
    0.02798748016357422,
    0.02798748016357422,
    0.02798748016357422,
    0.02798748016357422,
    0.02798748016357422,
    0.02798748016357422,
    0.02798748016357422,
    0.02798748016357422,
    0.02798748016357422,
    0.02798748016357422,
    0.02798748016357422,
    0.02798748016357422,
    0.02798748016357422,
    0.02798748016357422,
    0.02798748016357422,
    0.02798748016357422,
    0.02798748016357422,
    0.02798748016357422,
    0.02798748016357422,
    0.02798748016357422,
    0.02798748016357422,
    0.02798748016357422,
    0.02798748016357422,
    0.02798748016357422,
    0.02798748016357422,
    0.02798748016357422,
    0.02798748016357422,
    0.02798748016357422,
    0.02798748016357422,
    0.02798748016357422,
    0.02798748016357422,
    0.02798748016357422,
    0.02798748016357422,
    0.02798748016357422,
    0.02798748016357422,
    0.02798748016357422,
    0.02798748016357422,
    0.02798748016357422,
    0.02798748016357422
  ],