{
  "dim": 10,
  "beta_m": 5.0,
  "beta_h": 50.0,
  "n_train": 2048,
  "seed": 1,
  "n_samples": 8192,
  "local_steps": 10,
  "r_max": 100,
  "oracle_cost_setup": 20480000,
  "oracle_cost_per_use": 81920,
  "wall_seconds": 44.04,
  "batch_best": [
    0.09584903717041016,
    0.09262943267822266,
    0.0642709732055664,
    0.0802755355834961,
    0.08070087432861328,
    0.1082773208618164,
    0.07993221282958984,
    0.0785207748413086,
    0.06464672088623047,
    0.10826778411865234,
    0.08856678009033203,
    0.1109323501586914,
    0.08285999298095703,
    0.09073162078857422,
    0.08441448211669922,
    0.0743112564086914,
    0.08309650421142578,
    0.07222270965576172,
    0.09104061126708984,
    0.08867359161376953,
    0.10087108612060547,
    0.09544658660888672,
    0.08772754669189453,
    0.08663654327392578,
    0.10707950592041016,
    0.08937549591064453,
    0.10956668853759766,
    0.09013080596923828,
    0.0907297134399414,
    0.0837106704711914,
    0.11850452423095703,
    0.0812540054321289,
    0.10826778411865234,
    0.08025455474853516,
    0.0935373306274414,
    0.07806110382080078,
    0.07996654510498047,
    0.0937795639038086,
    0.09470081329345703,
    0.09515094757080078,
    0.07760906219482422,
    0.11329936981201172,
    0.07777690887451172,
    0.0762033462524414,
    0.08975696563720703,
    0.08875560760498047,
    0.05778217315673828,
    0.10532283782958984,
    0.10213565826416016,
    0.10107135772705078,
    0.08520984649658203,
    0.08324146270751953,
    0.11501407623291016,
    0.09838008880615234,
    0.07727909088134766,
    0.0903921127319336,
    0.11333560943603516,
    0.11922550201416016,
    0.10477733612060547,
    0.08495426177978516,
    0.0868825912475586,
    0.12446308135986328,
    0.08715152740478516,
    0.1044473648071289,
    0.08823299407958984,
    0.1007242202758789,
    0.0893411636352539,
    0.10460948944091797,
    0.09371089935302734,
    0.0966653823852539,
    0.10097026824951172,
    0.09821033477783203,
    0.1035776138305664,
    0.09507083892822266,
    0.10875225067138672,
    0.1138772964477539,
    0.11502742767333984,
    0.06508350372314453,
    0.10218334197998047,
    0.12312984466552734,
    0.10012531280517578,
    0.09735393524169922,
    0.08624935150146484,
    0.09365177154541016,
    0.09220218658447266,
    0.08441638946533203,
    0.0972585678100586,
    0.08738994598388672,
    0.07505321502685547,
    0.12537860870361328,
    0.10907268524169922,
    0.10639286041259766,
    0.07301807403564453,
    0.11083126068115234,
    0.1070261001586914,
    0.08595943450927734,
    0.10718631744384766,
    0.09131526947021484,
    0.11119365692138672,
    0.09978961944580078
  ],
  "batch_q01": [
    0.21884432435035706,
    0.22055073082447052,
    0.22254697978496552,
    0.2272409051656723,
    0.21583768725395203,
    0.23057958483695984,
    0.21236588060855865,
    0.21498994529247284,
    0.21052508056163788,
    0.22820784151554108,
    0.2182125598192215,
    0.21969597041606903,
    0.21309736371040344,
    0.22685937583446503,
    0.22262215614318848,
    0.2155400961637497,
    0.2319248467683792,
    0.222882479429245,
    0.22914397716522217,
    0.2181696891784668,
    0.2194930464029312,
    0.22363971173763275,
    0.22435201704502106,
    0.21694612503051758,
    0.22871986031532288,
    0.2068934291601181,
    0.21845275163650513,
    0.2124003916978836,
    0.2274114340543747,
    0.22388218343257904,
    0.22518625855445862,
    0.21207159757614136,
    0.2249191403388977,
    0.2209465652704239,
    0.20960183441638947,
    0.22065940499305725,
    0.22494637966156006,
    0.2183443307876587,
    0.22627168893814087,
    0.20797646045684814,
    0.22541147470474243,
    0.2223224639892578,
    0.22143064439296722,
    0.2095794379711151,
    0.2171218991279602,
    0.22646333277225494,
    0.2177894413471222,
    0.21365875005722046,
    0.22396768629550934,
    0.22630195319652557,
    0.22338812053203583,
    0.21906739473342896,
    0.21916861832141876,
    0.21379932761192322,
    0.21960799396038055,
    0.2202710509300232,
    0.22095775604248047,
    0.21876224875450134,
    0.2093999832868576,
    0.22980453073978424,
    0.22510363161563873,
    0.21744918823242188,
    0.2195269763469696,
    0.22287921607494354,
    0.23110313713550568,
    0.21504613757133484,
    0.22845157980918884,
    0.21427801251411438,
    0.21604986488819122,
    0.22128818929195404,
    0.2244044989347458,
    0.21734994649887085,
    0.21653269231319427,
    0.20476335287094116,
    0.22117213904857635,
    0.2285057008266449,
    0.2208733707666397,
    0.22927327454090118,
    0.21087858080863953,
    0.2314934879541397,
    0.22789432108402252,
    0.22392350435256958,
    0.2198820263147354,
    0.22493092715740204,
    0.2319713681936264,
    0.22838158905506134,
    0.2087172120809555,
    0.22890517115592957,
    0.24297843873500824,
    0.22983308136463165,
    0.22354188561439514,
    0.22569051384925842,
    0.2205682396888733,
    0.21569111943244934,
    0.22113355994224548,
    0.22258035838603973,
    0.22000443935394287,
    0.225491464138031,
    0.22413869202136993,
    0.21892692148685455
  ],
  "cumulative_best": [
    0.09584903717041016,
    0.09262943267822266,
    0.0642709732055664,
    0.0642709732055664,
    0.0642709732055664,
    0.0642709732055664,
    0.0642709732055664,
    0.0642709732055664,
    0.0642709732055664,
    0.0642709732055664,
    0.0642709732055664,
    0.0642709732055664,
    0.0642709732055664,
    0.0642709732055664,
    0.0642709732055664,
    0.0642709732055664,
    0.0642709732055664,
    0.0642709732055664,
    0.0642709732055664,
    0.0642709732055664,
    0.0642709732055664,
    0.0642709732055664,
    0.0642709732055664,
    0.0642709732055664,
    0.0642709732055664,
    0.0642709732055664,
    0.0642709732055664,
    0.0642709732055664,
    0.0642709732055664,
    0.0642709732055664,
    0.0642709732055664,
    0.0642709732055664,
    0.0642709732055664,
    0.0642709732055664,
    0.0642709732055664,
    0.0642709732055664,
    0.0642709732055664,
    0.0642709732055664,
    0.0642709732055664,
    0.0642709732055664,
    0.0642709732055664,
    0.0642709732055664,
    0.0642709732055664,
    0.0642709732055664,
    0.0642709732055664,
    0.0642709732055664,
    0.05778217315673828,
    0.05778217315673828,
    0.05778217315673828,
    0.05778217315673828,
    0.05778217315673828,
    0.05778217315673828,
    0.05778217315673828,
    0.05778217315673828,
    0.05778217315673828,
    0.05778217315673828,
    0.05778217315673828,
    0.05778217315673828,
    0.05778217315673828,
    0.05778217315673828,
    0.05778217315673828,
    0.05778217315673828,
    0.05778217315673828,
    0.05778217315673828,
    0.05778217315673828,
    0.05778217315673828,
    0.05778217315673828,
    0.05778217315673828,
    0.05778217315673828,
    0.05778217315673828,
    0.05778217315673828,
    0.05778217315673828,
    0.05778217315673828,
    0.05778217315673828,
    0.05778217315673828,
    0.05778217315673828,
    0.05778217315673828,
    0.05778217315673828,
    0.05778217315673828,
    0.05778217315673828,
    0.05778217315673828,
    0.05778217315673828,
    0.05778217315673828,
    0.05778217315673828,
    0.05778217315673828,
    0.05778217315673828,
    0.05778217315673828,
    0.05778217315673828,
    0.05778217315673828,
    0.05778217315673828,
    0.05778217315673828,
    0.05778217315673828,
    0.05778217315673828,
    0.05778217315673828,
    0.05778217315673828,
    0.05778217315673828,
    0.05778217315673828,
    0.05778217315673828,
    0.05778217315673828,
    0.05778217315673828
  ],