{
  "dim": 10,
  "beta_m": 20.0,
  "beta_h": 50.0,
  "n_train": 2048,
  "seed": 0,
  "n_samples": 8192,
  "local_steps": 10,
  "r_max": 100,
  "oracle_cost_setup": 20480000,
  "oracle_cost_per_use": 81920,
  "wall_seconds": 41.79,
  "batch_best": [
    0.06404590606689453,
    0.06028270721435547,
    0.06767749786376953,
    0.06051921844482422,
    0.05939769744873047,
    0.057753562927246094,
    0.0670919418334961,
    0.06958484649658203,
    0.07616519927978516,
    0.06551647186279297,
    0.06292438507080078,
    0.06570148468017578,
    0.058701515197753906,
    0.059090614318847656,
    0.06988048553466797,
    0.03619670867919922,
    0.06377506256103516,
    0.06037425994873047,
    0.06862354278564453,
    0.06827831268310547,
    0.050713539123535156,
    0.046339988708496094,
    0.050919532775878906,
    0.05983448028564453,
    0.07638072967529297,
    0.06511783599853516,
    0.05646991729736328,
    0.06682491302490234,
    0.06890010833740234,
    0.06083965301513672,
    0.059622764587402344,
    0.059716224670410156,
    0.05327320098876953,
    0.04340076446533203,
    0.044831275939941406,
    0.058213233947753906,
    0.06505680084228516,
    0.05497455596923828,
    0.06833362579345703,
    0.04124164581298828,
    0.05608081817626953,
    0.06360340118408203,
    0.06128215789794922,
    0.07419109344482422,
    0.06906414031982422,
    0.07478046417236328,
    0.059861183166503906,
    0.05630207061767578,
    0.0629262924194336,
    0.060769081115722656,
    0.0654439926147461,
    0.05096912384033203,
    0.05465412139892578,
    0.06552600860595703,
    0.07207584381103516,
    0.06203937530517578,
    0.06378459930419922,
    0.07721805572509766,
    0.06392574310302734,
    0.06990718841552734,
    0.05336284637451172,
    0.041762351989746094,
    0.06381702423095703,
    0.06902408599853516,
    0.06440067291259766,
    0.05308246612548828,
    0.05606555938720703,
    0.0697011947631836,
    0.06954097747802734,
    0.05214405059814453,
    0.06149768829345703,
    0.07113933563232422,
    0.05503559112548828,
    0.0651559829711914,
    0.0673227310180664,
    0.06242084503173828,
    0.05709552764892578,
    0.0730295181274414,
    0.06242847442626953,
    0.045258522033691406,
    0.06444454193115234,
    0.06408405303955078,
    0.054587364196777344,
    0.055411338806152344,
    0.060889244079589844,
    0.07276439666748047,
    0.061499595642089844,
    0.041670799255371094,
    0.06202411651611328,
    0.058325767517089844,
    0.054053306579589844,
    0.049139976501464844,
    0.058051109313964844,
    0.057837486267089844,
    0.0682363510131836,
    0.07104206085205078,
    0.056679725646972656,
    0.04989147186279297,
    0.05606555938720703,
    0.05720806121826172
  ],
  "batch_q01": [
    0.11896604299545288,
    0.12106933444738388,
    0.11845541000366211,
    0.12025456875562668,
    0.12271453440189362,
    0.11991441249847412,
    0.12022178620100021,
    0.12102250754833221,
    0.11654306203126907,
    0.1159527376294136,
    0.11649315059185028,
    0.12035318464040756,
    0.11998698860406876,
    0.11624818295240402,
    0.11715345084667206,
    0.11951463669538498,
    0.11795360594987869,
    0.11947499960660934,
    0.11987678706645966,
    0.12446710467338562,
    0.1217632070183754,
    0.11812718957662582,
    0.11770214140415192,
    0.11916490644216537,
    0.11732091754674911,
    0.11747387051582336,
    0.12380529195070267,
    0.11775487661361694,
    0.12012869119644165,
    0.11878716945648193,
    0.11865350604057312,
    0.11483253538608551,
    0.11677803099155426,
    0.11753702163696289,
    0.11885161697864532,
    0.11855968087911606,
    0.11890504509210587,
    0.12148040533065796,
    0.1211775541305542,
    0.11775146424770355,
    0.12071491032838821,
    0.11659318953752518,
    0.12034500390291214,
    0.11922100186347961,
    0.1191747635602951,
    0.12069561332464218,
    0.11839126795530319,
    0.11794204264879227,
    0.1157630905508995,
    0.11971654742956161,
    0.11733199656009674,
    0.11697112768888474,
    0.12243888527154922,
    0.11984588205814362,
    0.12028253823518753,
    0.11672902852296829,
    0.12300422787666321,
    0.1236061081290245,
    0.11767297983169556,
    0.12051106989383698,
    0.11788133531808853,
    0.12125270813703537,
    0.11623357981443405,
    0.11970428377389908,
    0.11796201765537262,
    0.12131445109844208,
    0.11933854967355728,
    0.11601735651493073,
    0.11462344974279404,
    0.11909759789705276,
    0.11405042558908463,
    0.11938760429620743,
    0.12001285701990128,
    0.11770530045032501,
    0.11771701276302338,
    0.11711890250444412,
    0.12040765583515167,
    0.12001136690378189,
    0.11992383748292923,
    0.12132293730974197,
    0.11887309700250626,
    0.11878028512001038,
    0.11781945824623108,
    0.11747394502162933,
    0.11875772476196289,
    0.11904462426900864,
    0.11923688650131226,
    0.11800897866487503,
    0.12000591307878494,
    0.11929607391357422,
    0.11619377136230469,
    0.11934204399585724,
    0.1175168827176094,
    0.12002959847450256,
    0.12160997092723846,
    0.12351207435131073,
    0.12087070196866989,
    0.11974893510341644,
    0.11708660423755646,
    0.11673057824373245
  ],
  "cumulative_best": [
    0.06404590606689453,
    0.06028270721435547,
    0.06028270721435547,
    0.06028270721435547,
    0.05939769744873047,
    0.057753562927246094,
    0.057753562927246094,
    0.057753562927246094,
    0.057753562927246094,
    0.057753562927246094,
    0.057753562927246094,
    0.057753562927246094,
    0.057753562927246094,
    0.057753562927246094,
    0.057753562927246094,
    0.03619670867919922,
    0.03619670867919922,
    0.03619670867919922,
    0.03619670867919922,
    0.03619670867919922,
    0.03619670867919922,
    0.03619670867919922,
    0.03619670867919922,
    0.03619670867919922,
    0.03619670867919922,
    0.03619670867919922,
    0.03619670867919922,
    0.03619670867919922,
    0.03619670867919922,
    0.03619670867919922,
    0.03619670867919922,
    0.03619670867919922,
    0.03619670867919922,
    0.03619670867919922,
    0.03619670867919922,
    0.03619670867919922,
    0.03619670867919922,
    0.03619670867919922,
    0.03619670867919922,
    0.03619670867919922,
    0.03619670867919922,
    0.03619670867919922,
    0.03619670867919922,
    0.03619670867919922,
    0.03619670867919922,
    0.03619670867919922,
    0.03619670867919922,
    0.03619670867919922,
    0.03619670867919922,
    0.03619670867919922,
    0.03619670867919922,
    0.03619670867919922,
    0.03619670867919922,
    0.03619670867919922,
    0.03619670867919922,
    0.03619670867919922,
    0.03619670867919922,
    0.03619670867919922,
    0.03619670867919922,
    0.03619670867919922,
    0.03619670867919922,
    0.03619670867919922,
    0.03619670867919922,
    0.03619670867919922,
    0.03619670867919922,
    0.03619670867919922,
    0.03619670867919922,
    0.03619670867919922,
    0.03619670867919922,
    0.03619670867919922,
    0.03619670867919922,
    0.03619670867919922,
    0.03619670867919922,
    0.03619670867919922,
    0.03619670867919922,
    0.03619670867919922,
    0.03619670867919922,
    0.03619670867919922,
    0.03619670867919922,
    0.03619670867919922,
    0.03619670867919922,
    0.03619670867919922,
    0.03619670867919922,
    0.03619670867919922,
    0.03619670867919922,
    0.03619670867919922,
    0.03619670867919922,
    0.03619670867919922,
    0.03619670867919922,
    0.03619670867919922,
    0.03619670867919922,
    0.03619670867919922,
    0.03619670867919922,
    0.03619670867919922,
    0.03619670867919922,
    0.03619670867919922,
    0.03619670867919922,
    0.03619670867919922,
    0.03619670867919922,
    0.03619670867919922
  ],