{
  "dim": 10,
  "beta_m": 5.0,
  "beta_h": 20.0,
  "n_train": 2048,
  "seed": 1,
  "n_samples": 8192,
  "local_steps": 10,
  "r_max": 100,
  "oracle_cost_setup": 20480000,
  "oracle_cost_per_use": 81920,
  "wall_seconds": 29.11,
  "batch_best": [
    0.1946401596069336,
    0.21622180938720703,
    0.21866893768310547,
    0.3080434799194336,
    0.30800914764404297,
    0.22965335845947266,
    0.17661762237548828,
    0.21259784698486328,
    0.2814188003540039,
    0.1746377944946289,
    0.26876354217529297,
    0.1946878433227539,
    0.2372732162475586,
    0.1693124771118164,
    0.26151371002197266,
    0.14760875701904297,
    0.28719234466552734,
    0.25815486907958984,
    0.22531795501708984,
    0.21088695526123047,
    0.21176433563232422,
    0.2096261978149414,
    0.23571300506591797,
    0.23952770233154297,
    0.2607870101928711,
    0.2561655044555664,
    0.2694215774536133,
    0.26526737213134766,
    0.12769794464111328,
    0.34723377227783203,
    0.2831296920776367,
    0.15421772003173828,
    0.17071056365966797,
    0.21135616302490234,
    0.22769451141357422,
    0.2018289566040039,
    0.25060367584228516,
    0.2396688461303711,
    0.23000240325927734,
    0.1672830581665039,
    0.1854562759399414,
    0.2553567886352539,
    0.2059030532836914,
    0.27550601959228516,
    0.14530658721923828,
    0.22516536712646484,
    0.30089282989501953,
    0.23018360137939453,
    0.23066997528076172,
    0.2641935348510742,
    0.29529285430908203,
    0.26162242889404297,
    0.11974430084228516,
    0.25852489471435547,
    0.2595529556274414,
    0.2286539077758789,
    0.2616128921508789,
    0.2820920944213867,
    0.29018497467041016,
    0.19024372100830078,
    0.2556161880493164,
    0.26426219940185547,
    0.18714237213134766,
    0.23305606842041016,
    0.2805624008178711,
    0.2224130630493164,
    0.22992420196533203,
    0.25212955474853516,
    0.2344064712524414,
    0.33116626739501953,
    0.14998912811279297,
    0.19497394561767578,
    0.17484378814697266,
    0.22194194793701172,
    0.23649883270263672,
    0.3420133590698242,
    0.3506898880004883,
    0.3277616500854492,
    0.14023303985595703,
    0.2291269302368164,
    0.21144962310791016,
    0.23970317840576172,
    0.22919559478759766,
    0.23507213592529297,
    0.29617786407470703,
    0.22216320037841797,
    0.22440052032470703,
    0.15105342864990234,
    0.1141195297241211,
    0.21222591400146484,
    0.25219249725341797,
    0.34746837615966797,
    0.2544565200805664,
    0.31429576873779297,
    0.2106027603149414,
    0.22478008270263672,
    0.20574665069580078,
    0.2533407211303711,
    0.26458072662353516,
    0.2161722183227539
  ],
  "batch_q01": [
    1.1341701745986938,
    1.2456022500991821,
    1.197235107421875,
    1.2046682834625244,
    1.2742359638214111,
    1.294653296470642,
    1.2407177686691284,
    1.2297708988189697,
    1.2390073537826538,
    1.2457938194274902,
    1.163849115371704,
    1.3098653554916382,
    1.2660839557647705,
    1.3387848138809204,
    1.2995246648788452,
    1.2972376346588135,
    1.2541353702545166,
    1.34004545211792,
    1.3314790725708008,
    1.2565453052520752,
    1.2215497493743896,
    1.1671802997589111,
    1.242173194885254,
    1.2439525127410889,
    1.1485860347747803,
    1.1085562705993652,
    1.308063268661499,
    1.2947802543640137,
    1.1953047513961792,
    1.262435793876648,
    1.276437759399414,
    1.1754944324493408,
    1.2716928720474243,
    1.2180761098861694,
    1.2462226152420044,
    1.2552402019500732,
    1.2234750986099243,
    1.1606112718582153,
    1.2802852392196655,
    1.256584882736206,
    1.3289936780929565,
    1.2080647945404053,
    1.3482998609542847,
    1.1829330921173096,
    1.290870189666748,
    1.3567160367965698,
    1.2693959474563599,
    1.2044756412506104,
    1.2017889022827148,
    1.2111095190048218,
    1.25431227684021,
    1.081832766532898,
    1.2384636402130127,
    1.2973498106002808,
    1.3265479803085327,
    1.274488925933838,
    1.268855333328247,
    1.256687879562378,
    1.2295199632644653,
    1.269776463508606,
    1.2341485023498535,
    1.216234803199768,
    1.3244010210037231,
    1.211789846420288,
    1.3127925395965576,
    1.2211792469024658,
    1.2427499294281006,
    1.1912381649017334,
    1.229499101638794,
    1.277745246887207,
    1.2491042613983154,
    1.2472200393676758,
    1.1414129734039307,
    1.1424050331115723,
    1.3189616203308105,
    1.1533616781234741,
    1.1901825666427612,
    1.2998007535934448,
    1.2719143629074097,
    1.131172776222229,
    1.2948940992355347,
    1.2042876482009888,
    1.1302622556686401,
    1.281278371810913,
    1.327600359916687,
    1.288672685623169,
    1.2366957664489746,
    1.2971141338348389,
    1.3447027206420898,
    1.2501994371414185,
    1.3128288984298706,
    1.1802740097045898,
    1.1671638488769531,
    1.0771135091781616,
    1.3088393211364746,
    1.214846134185791,
    1.25777006149292,
    1.1828503608703613,
    1.3410512208938599,
    1.267958402633667
  ],
  "cumulative_best": [
    0.1946401596069336,
    0.1946401596069336,
    0.1946401596069336,
    0.1946401596069336,
    0.1946401596069336,
    0.1946401596069336,
    0.17661762237548828,
    0.17661762237548828,
    0.17661762237548828,
    0.1746377944946289,
    0.1746377944946289,
    0.1746377944946289,
    0.1746377944946289,
    0.1693124771118164,
    0.1693124771118164,
    0.14760875701904297,
    0.14760875701904297,
    0.14760875701904297,
    0.14760875701904297,
    0.14760875701904297,
    0.14760875701904297,
    0.14760875701904297,
    0.14760875701904297,
    0.14760875701904297,
    0.14760875701904297,
    0.14760875701904297,
    0.14760875701904297,
    0.14760875701904297,
    0.12769794464111328,
    0.12769794464111328,
    0.12769794464111328,
    0.12769794464111328,
    0.12769794464111328,
    0.12769794464111328,
    0.12769794464111328,
    0.12769794464111328,
    0.12769794464111328,
    0.12769794464111328,
    0.12769794464111328,
    0.12769794464111328,
    0.12769794464111328,
    0.12769794464111328,
    0.12769794464111328,
    0.12769794464111328,
    0.12769794464111328,
    0.12769794464111328,
    0.12769794464111328,
    0.12769794464111328,
    0.12769794464111328,
    0.12769794464111328,
    0.12769794464111328,
    0.12769794464111328,
    0.11974430084228516,
    0.11974430084228516,
    0.11974430084228516,
    0.11974430084228516,
    0.11974430084228516,
    0.11974430084228516,
    0.11974430084228516,
    0.11974430084228516,
    0.11974430084228516,
    0.11974430084228516,
    0.11974430084228516,
    0.11974430084228516,
    0.11974430084228516,
    0.11974430084228516,
    0.11974430084228516,
    0.11974430084228516,
    0.11974430084228516,
    0.11974430084228516,
    0.11974430084228516,
    0.11974430084228516,
    0.11974430084228516,
    0.11974430084228516,
    0.11974430084228516,
    0.11974430084228516,
    0.11974430084228516,
    0.11974430084228516,
    0.11974430084228516,
    0.11974430084228516,
    0.11974430084228516,
    0.11974430084228516,
    0.11974430084228516,
    0.11974430084228516,
    0.11974430084228516,
    0.11974430084228516,
    0.11974430084228516,
    0.11974430084228516,
    0.1141195297241211,
    0.1141195297241211,
    0.1141195297241211,
    0.1141195297241211,
    0.1141195297241211,
    0.1141195297241211,
    0.1141195297241211,
    0.1141195297241211,
    0.1141195297241211,
    0.1141195297241211,
    0.1141195297241211,
    0.1141195297241211
  ],