{
  "dim": 10,
  "beta_m": 5.0,
  "beta_h": 50.0,
  "n_train": 2048,
  "seed": 0,
  "n_samples": 8192,
  "local_steps": 10,
  "r_max": 100,
  "oracle_cost_setup": 20480000,
  "oracle_cost_per_use": 81920,
  "wall_seconds": 26.65,
  "batch_best": [
    0.08578968048095703,
    0.07932567596435547,
    0.10347461700439453,
    0.07789134979248047,
    0.10981273651123047,
    0.1045694351196289,
    0.09469890594482422,
    0.08603572845458984,
    0.11653423309326172,
    0.10004520416259766,
    0.06490802764892578,
    0.1073293685913086,
    0.058732032775878906,
    0.08382320404052734,
    0.09804630279541016,
    0.08039188385009766,
    0.08860301971435547,
    0.09406566619873047,
    0.0760030746459961,
    0.1068277359008789,
    0.11098766326904297,
    0.07738018035888672,
    0.0883035659790039,
    0.04282665252685547,
    0.09357166290283203,
    0.0753164291381836,
    0.1087026596069336,
    0.10275745391845703,
    0.1036691665649414,
    0.09999561309814453,
    0.08044147491455078,
    0.059815406799316406,
    0.09921741485595703,
    0.09888553619384766,
    0.09624958038330078,
    0.10817813873291016,
    0.09526920318603516,
    0.10018634796142578,
    0.061408042907714844,
    0.0779714584350586,
    0.1003732681274414,
    0.1051626205444336,
    0.11539936065673828,
    0.11850833892822266,
    0.10739612579345703,
    0.08051204681396484,
    0.09610652923583984,
    0.09282207489013672,
    0.1058187484741211,
    0.09206676483154297,
    0.0936288833618164,
    0.07329463958740234,
    0.12244701385498047,
    0.08756542205810547,
    0.1107950210571289,
    0.05499744415283203,
    0.08419513702392578,
    0.1167440414428711,
    0.0859994888305664,
    0.09206295013427734,
    0.10633182525634766,
    0.10329532623291016,
    0.0813131332397461,
    0.09023380279541016,
    0.10617351531982422,
    0.10675525665283203,
    0.10309696197509766,
    0.1065816879272461,
    0.07824230194091797,
    0.0792989730834961,
    0.12608814239501953,
    0.07543277740478516,
    0.1093587875366211,
    0.06890010833740234,
    0.07732868194580078,
    0.08224964141845703,
    0.057763099670410156,
    0.0809335708618164,
    0.09683513641357422,
    0.1129770278930664,
    0.11117076873779297,
    0.07744503021240234,
    0.09485340118408203,
    0.09121036529541016,
    0.1042318344116211,
    0.09265422821044922,
    0.06580066680908203,
    0.10323429107666016,
    0.08672046661376953,
    0.1166849136352539,
    0.08707141876220703,
    0.07137775421142578,
    0.08145999908447266,
    0.11199474334716797,
    0.11228275299072266,
    0.07842540740966797,
    0.10445308685302734,
    0.0838155746459961,
    0.1137552261352539,
    0.10717296600341797
  ],
  "batch_q01": [
    0.23129183053970337,
    0.20844118297100067,
    0.2265942543745041,
    0.20946212112903595,
    0.22032314538955688,
    0.22718846797943115,
    0.22007770836353302,
    0.2134285867214203,
    0.22390621900558472,
    0.21908973157405853,
    0.21901804208755493,
    0.21537524461746216,
    0.21267041563987732,
    0.225119948387146,
    0.21743039786815643,
    0.230072021484375,
    0.22310160100460052,
    0.22357013821601868,
    0.23268167674541473,
    0.21965819597244263,
    0.21168559789657593,
    0.21595609188079834,
    0.22004489600658417,
    0.22716793417930603,
    0.2193119376897812,
    0.20899540185928345,
    0.21314048767089844,
    0.2191249579191208,
    0.22948883473873138,
    0.215865358710289,
    0.22268512845039368,
    0.2253916710615158,
    0.2249682992696762,
    0.22061479091644287,
    0.22654613852500916,
    0.22852736711502075,
    0.21316638588905334,
    0.22258147597312927,
    0.2193271964788437,
    0.21793940663337708,
    0.2214701622724533,
    0.22726508975028992,
    0.22991570830345154,
    0.23038408160209656,
    0.22415463626384735,
    0.21874003112316132,
    0.22516614198684692,
    0.22589941322803497,
    0.22427070140838623,
    0.21876247227191925,
    0.22229105234146118,
    0.22036248445510864,
    0.23120780289173126,
    0.2199370563030243,
    0.21409019827842712,
    0.20641377568244934,
    0.21228089928627014,
    0.21640180051326752,
    0.21442626416683197,
    0.22732891142368317,
    0.21841353178024292,
    0.20823422074317932,
    0.21713189780712128,
    0.21971412003040314,
    0.21816962957382202,
    0.2315262258052826,
    0.2280709445476532,
    0.22739410400390625,
    0.22361795604228973,
    0.23119781911373138,
    0.2221723198890686,
    0.22371158003807068,
    0.22407902777194977,
    0.221650630235672,
    0.22290144860744476,
    0.21989428997039795,
    0.22142082452774048,
    0.20874765515327454,
    0.22439666092395782,
    0.22503171861171722,
    0.2171788513660431,
    0.22044314444065094,
    0.2193220853805542,
    0.22047141194343567,
    0.21385379135608673,
    0.21808117628097534,
    0.2304270714521408,
    0.22064511477947235,
    0.23074406385421753,
    0.20730353891849518,
    0.2223251909017563,
    0.21810372173786163,
    0.22943998873233795,
    0.22779010236263275,
    0.2260248363018036,
    0.22958791255950928,
    0.2191680669784546,
    0.21361128985881805,
    0.2241588830947876,
    0.21634042263031006
  ],
  "cumulative_best": [
    0.08578968048095703,
    0.07932567596435547,
    0.07932567596435547,
    0.07789134979248047,
    0.07789134979248047,
    0.07789134979248047,
    0.07789134979248047,
    0.07789134979248047,
    0.07789134979248047,
    0.07789134979248047,
    0.06490802764892578,
    0.06490802764892578,
    0.058732032775878906,
    0.058732032775878906,
    0.058732032775878906,
    0.058732032775878906,
    0.058732032775878906,
    0.058732032775878906,
    0.058732032775878906,
    0.058732032775878906,
    0.058732032775878906,
    0.058732032775878906,
    0.058732032775878906,
    0.04282665252685547,
    0.04282665252685547,
    0.04282665252685547,
    0.04282665252685547,
    0.04282665252685547,
    0.04282665252685547,
    0.04282665252685547,
    0.04282665252685547,
    0.04282665252685547,
    0.04282665252685547,
    0.04282665252685547,
    0.04282665252685547,
    0.04282665252685547,
    0.04282665252685547,
    0.04282665252685547,
    0.04282665252685547,
    0.04282665252685547,
    0.04282665252685547,
    0.04282665252685547,
    0.04282665252685547,
    0.04282665252685547,
    0.04282665252685547,
    0.04282665252685547,
    0.04282665252685547,
    0.04282665252685547,
    0.04282665252685547,
    0.04282665252685547,
    0.04282665252685547,
    0.04282665252685547,
    0.04282665252685547,
    0.04282665252685547,
    0.04282665252685547,
    0.04282665252685547,
    0.04282665252685547,
    0.04282665252685547,
    0.04282665252685547,
    0.04282665252685547,
    0.04282665252685547,
    0.04282665252685547,
    0.04282665252685547,
    0.04282665252685547,
    0.04282665252685547,
    0.04282665252685547,
    0.04282665252685547,
    0.04282665252685547,
    0.04282665252685547,
    0.04282665252685547,
    0.04282665252685547,
    0.04282665252685547,
    0.04282665252685547,
    0.04282665252685547,
    0.04282665252685547,
    0.04282665252685547,
    0.04282665252685547,
    0.04282665252685547,
    0.04282665252685547,
    0.04282665252685547,
    0.04282665252685547,
    0.04282665252685547,
    0.04282665252685547,
    0.04282665252685547,
    0.04282665252685547,
    0.04282665252685547,
    0.04282665252685547,
    0.04282665252685547,
    0.04282665252685547,
    0.04282665252685547,
    0.04282665252685547,
    0.04282665252685547,
    0.04282665252685547,
    0.04282665252685547,
    0.04282665252685547,
    0.04282665252685547,
    0.04282665252685547,
    0.04282665252685547,
    0.04282665252685547,
    0.04282665252685547
  ],