{
  "dim": 10,
  "beta_m": 20.0,
  "beta_h": 20.0,
  "n_train": 2048,
  "seed": 1,
  "n_samples": 8192,
  "local_steps": 10,
  "r_max": 100,
  "oracle_cost_setup": 20480000,
  "oracle_cost_per_use": 81920,
  "wall_seconds": 28.06,
  "batch_best": [
    0.06014537811279297,
    0.0971212387084961,
    0.10613346099853516,
    0.0948324203491211,
    0.08070087432861328,
    0.0798196792602539,
    0.07845783233642578,
    0.07410526275634766,
    0.1015481948852539,
    0.07436084747314453,
    0.09994029998779297,
    0.08403682708740234,
    0.06939029693603516,
    0.08929920196533203,
    0.10238361358642578,
    0.0761575698852539,
    0.08821392059326172,
    0.0636911392211914,
    0.09694957733154297,
    0.08131885528564453,
    0.08479976654052734,
    0.07565784454345703,
    0.0796976089477539,
    0.0718221664428711,
    0.0934305191040039,
    0.08095645904541016,
    0.08842945098876953,
    0.09657573699951172,
    0.09316158294677734,
    0.07342243194580078,
    0.07289600372314453,
    0.060669898986816406,
    0.08337116241455078,
    0.08862781524658203,
    0.08516216278076172,
    0.0796957015991211,
    0.07453632354736328,
    0.09203815460205078,
    0.10088062286376953,
    0.05772876739501953,
    0.0849924087524414,
    0.10940074920654297,
    0.08082866668701172,
    0.10465526580810547,
    0.0916452407836914,
    0.08620738983154297,
    0.08983707427978516,
    0.09500598907470703,
    0.09966182708740234,
    0.09151744842529297,
    0.08390140533447266,
    0.08401966094970703,
    0.07924747467041016,
    0.09704303741455078,
    0.0720663070678711,
    0.09299564361572266,
    0.0774831771850586,
    0.09301471710205078,
    0.0642232894897461,
    0.07540225982666016,
    0.08766841888427734,
    0.06331348419189453,
    0.08608722686767578,
    0.1019277572631836,
    0.10027217864990234,
    0.0812692642211914,
    0.06654834747314453,
    0.09618091583251953,
    0.10477161407470703,
    0.09052371978759766,
    0.09328174591064453,
    0.07526302337646484,
    0.061722755432128906,
    0.08366107940673828,
    0.09502887725830078,
    0.0774545669555664,
    0.0878458023071289,
    0.09358501434326172,
    0.07978153228759766,
    0.06946086883544922,
    0.09750080108642578,
    0.07105159759521484,
    0.0715932846069336,
    0.08532047271728516,
    0.10479450225830078,
    0.0762186050415039,
    0.054694175720214844,
    0.0777425765991211,
    0.10218524932861328,
    0.0800943374633789,
    0.09301471710205078,
    0.08402729034423828,
    0.07428646087646484,
    0.0943613052368164,
    0.0819711685180664,
    0.0883169174194336,
    0.060423851013183594,
    0.07524776458740234,
    0.10072040557861328,
    0.08703899383544922
  ],
  "batch_q01": [
    0.16675542294979095,
    0.17408864200115204,
    0.16550713777542114,
    0.17150165140628815,
    0.16743069887161255,
    0.1671869456768036,
    0.1659867912530899,
    0.1721886247396469,
    0.16659654676914215,
    0.16941268742084503,
    0.17038393020629883,
    0.1695292443037033,
    0.1647479236125946,
    0.16987276077270508,
    0.16613441705703735,
    0.16694708168506622,
    0.16941310465335846,
    0.16492463648319244,
    0.16637739539146423,
    0.16538409888744354,
    0.1696777194738388,
    0.16779443621635437,
    0.16957511007785797,
    0.16597852110862732,
    0.16579601168632507,
    0.16822044551372528,
    0.16294555366039276,
    0.16786205768585205,
    0.16560031473636627,
    0.164886012673378,
    0.16712412238121033,
    0.16951753199100494,
    0.16590958833694458,
    0.16844870150089264,
    0.16788583993911743,
    0.1656504124403,
    0.17707335948944092,
    0.1754724532365799,
    0.1709318906068802,
    0.1672886610031128,
    0.17092488706111908,
    0.17171214520931244,
    0.16900506615638733,
    0.1731068342924118,
    0.17087063193321228,
    0.17069126665592194,
    0.16607384383678436,
    0.16106082499027252,
    0.16715656220912933,
    0.16893211007118225,
    0.16564024984836578,
    0.16953504085540771,
    0.17154069244861603,
    0.1698383390903473,
    0.1732691377401352,
    0.1669663041830063,
    0.17201825976371765,
    0.1698593646287918,
    0.1710905283689499,
    0.1660148948431015,
    0.168464794754982,
    0.16545715928077698,
    0.16406530141830444,
    0.17037828266620636,
    0.16973434388637543,
    0.17179276049137115,
    0.16631776094436646,
    0.16977918148040771,
    0.1705607771873474,
    0.1647418886423111,
    0.16555656492710114,
    0.16491013765335083,
    0.16823121905326843,
    0.16865193843841553,
    0.16627444326877594,
    0.17270345985889435,
    0.17040586471557617,
    0.16398075222969055,
    0.16789817810058594,
    0.16585759818553925,
    0.1622244417667389,
    0.16897384822368622,
    0.16392676532268524,
    0.16402223706245422,
    0.1754501909017563,
    0.16662940382957458,
    0.1718418449163437,
    0.16212458908557892,
    0.16877061128616333,
    0.16850334405899048,
    0.16806930303573608,
    0.17079748213291168,
    0.17140977084636688,
    0.17463813722133636,
    0.17204603552818298,
    0.1680002063512802,
    0.170964315533638,
    0.1688195765018463,
    0.16649463772773743,
    0.1681758314371109
  ],
  "cumulative_best": [
    0.06014537811279297,
    0.06014537811279297,
    0.06014537811279297,
    0.06014537811279297,
    0.06014537811279297,
    0.06014537811279297,
    0.06014537811279297,
    0.06014537811279297,
    0.06014537811279297,
    0.06014537811279297,
    0.06014537811279297,
    0.06014537811279297,
    0.06014537811279297,
    0.06014537811279297,
    0.06014537811279297,
    0.06014537811279297,
    0.06014537811279297,
    0.06014537811279297,
    0.06014537811279297,
    0.06014537811279297,
    0.06014537811279297,
    0.06014537811279297,
    0.06014537811279297,
    0.06014537811279297,
    0.06014537811279297,
    0.06014537811279297,
    0.06014537811279297,
    0.06014537811279297,
    0.06014537811279297,
    0.06014537811279297,
    0.06014537811279297,
    0.06014537811279297,
    0.06014537811279297,
    0.06014537811279297,
    0.06014537811279297,
    0.06014537811279297,
    0.06014537811279297,
    0.06014537811279297,
    0.06014537811279297,
    0.05772876739501953,
    0.05772876739501953,
    0.05772876739501953,
    0.05772876739501953,
    0.05772876739501953,
    0.05772876739501953,
    0.05772876739501953,
    0.05772876739501953,
    0.05772876739501953,
    0.05772876739501953,
    0.05772876739501953,
    0.05772876739501953,
    0.05772876739501953,
    0.05772876739501953,
    0.05772876739501953,
    0.05772876739501953,
    0.05772876739501953,
    0.05772876739501953,
    0.05772876739501953,
    0.05772876739501953,
    0.05772876739501953,
    0.05772876739501953,
    0.05772876739501953,
    0.05772876739501953,
    0.05772876739501953,
    0.05772876739501953,
    0.05772876739501953,
    0.05772876739501953,
    0.05772876739501953,
    0.05772876739501953,
    0.05772876739501953,
    0.05772876739501953,
    0.05772876739501953,
    0.05772876739501953,
    0.05772876739501953,
    0.05772876739501953,
    0.05772876739501953,
    0.05772876739501953,
    0.05772876739501953,
    0.05772876739501953,
    0.05772876739501953,
    0.05772876739501953,
    0.05772876739501953,
    0.05772876739501953,
    0.05772876739501953,
    0.05772876739501953,
    0.05772876739501953,
    0.054694175720214844,
    0.054694175720214844,
    0.054694175720214844,
    0.054694175720214844,
    0.054694175720214844,
    0.054694175720214844,
    0.054694175720214844,
    0.054694175720214844,
    0.054694175720214844,
    0.054694175720214844,
    0.054694175720214844,
    0.054694175720214844,
    0.054694175720214844,
    0.054694175720214844
  ],