{
  "dim": 10,
  "beta_m": 20.0,
  "beta_h": 50.0,
  "n_train": 2048,
  "seed": 1,
  "n_samples": 8192,
  "local_steps": 10,
  "r_max": 100,
  "oracle_cost_setup": 20480000,
  "oracle_cost_per_use": 81920,
  "wall_seconds": 43.34,
  "batch_best": [
    0.05720043182373047,
    0.058287620544433594,
    0.0727224349975586,
    0.06551265716552734,
    0.06597232818603516,
    0.06139659881591797,
    0.07109355926513672,
    0.06498432159423828,
    0.06474590301513672,
    0.0664224624633789,
    0.06731700897216797,
    0.06383037567138672,
    0.07233524322509766,
    0.06090068817138672,
    0.05137348175048828,
    0.06302547454833984,
    0.06863117218017578,
    0.06648921966552734,
    0.06824588775634766,
    0.061829566955566406,
    0.04471111297607422,
    0.06029796600341797,
    0.06626224517822266,
    0.0662393569946289,
    0.0672769546508789,
    0.06452465057373047,
    0.07407283782958984,
    0.057860374450683594,
    0.07416439056396484,
    0.07837390899658203,
    0.03743457794189453,
    0.06848812103271484,
    0.06192302703857422,
    0.06399059295654297,
    0.058655738830566406,
    0.059073448181152344,
    0.059586524963378906,
    0.05451679229736328,
    0.04838275909423828,
    0.06623172760009766,
    0.07297420501708984,
    0.06222248077392578,
    0.0704965591430664,
    0.07066822052001953,
    0.06069660186767578,
    0.0704488754272461,
    0.057152748107910156,
    0.056954383850097656,
    0.050484657287597656,
    0.056189537048339844,
    0.05897045135498047,
    0.07102298736572266,
    0.06697940826416016,
    0.06930065155029297,
    0.057562828063964844,
    0.06180095672607422,
    0.06877613067626953,
    0.06206798553466797,
    0.0668039321899414,
    0.07849597930908203,
    0.0724802017211914,
    0.06496906280517578,
    0.05426502227783203,
    0.03605365753173828,
    0.06336116790771484,
    0.06377124786376953,
    0.05802631378173828,
    0.06177806854248047,
    0.06676578521728516,
    0.06935405731201172,
    0.0727834701538086,
    0.04936695098876953,
    0.06404590606689453,
    0.06421947479248047,
    0.052811622619628906,
    0.06684207916259766,
    0.0743722915649414,
    0.05339336395263672,
    0.0660867691040039,
    0.052306175231933594,
    0.06598377227783203,
    0.05096912384033203,
    0.04739856719970703,
    0.05383014678955078,
    0.04613208770751953,
    0.05221843719482422,
    0.05726146697998047,
    0.06878376007080078,
    0.06546306610107422,
    0.05842876434326172,
    0.062119483947753906,
    0.0774221420288086,
    0.07185077667236328,
    0.05628681182861328,
    0.06608295440673828,
    0.0700693130493164,
    0.051688194274902344,
    0.0649423599243164,
    0.061760902404785156,
    0.037079811096191406
  ],
  "batch_q01": [
    0.12259280681610107,
    0.11975425481796265,
    0.12032438069581985,
    0.12033527344465256,
    0.11839938908815384,
    0.11986232548952103,
    0.11863221973180771,
    0.11811885237693787,
    0.11482641100883484,
    0.1188991367816925,
    0.12145637720823288,
    0.11782608181238174,
    0.12120386213064194,
    0.11583596467971802,
    0.1164298951625824,
    0.11818937212228775,
    0.11777836084365845,
    0.12005647271871567,
    0.11570987850427628,
    0.11832614988088608,
    0.11877727508544922,
    0.11679454892873764,
    0.11720804125070572,
    0.11853133887052536,
    0.11988691240549088,
    0.11805196851491928,
    0.11724654585123062,
    0.11914075911045074,
    0.1177409365773201,
    0.11912311613559723,
    0.1186838373541832,
    0.12130075693130493,
    0.12099883705377579,
    0.12044553458690643,
    0.11984655261039734,
    0.11645764857530594,
    0.1219216138124466,
    0.12001849710941315,
    0.11886084824800491,
    0.11764737963676453,
    0.11719516664743423,
    0.11940883845090866,
    0.11935659497976303,
    0.1234968900680542,
    0.1207556501030922,
    0.11844781786203384,
    0.11670396476984024,
    0.11826183646917343,
    0.11680673807859421,
    0.11881036311388016,
    0.11715412139892578,
    0.11785564571619034,
    0.12144168466329575,
    0.11853374540805817,
    0.11759927123785019,
    0.12336213886737823,
    0.11677030473947525,
    0.1152477040886879,
    0.11581016331911087,
    0.12146656215190887,
    0.12072118371725082,
    0.12279690057039261,
    0.11995096504688263,
    0.12291645258665085,
    0.11690589785575867,
    0.11628352850675583,
    0.11992771178483963,
    0.12067821621894836,
    0.11646102368831635,
    0.1158924251794815,
    0.11821294575929642,
    0.1181720718741417,
    0.11955602467060089,
    0.12217392027378082,
    0.1181170865893364,
    0.11809686571359634,
    0.12350858747959137,
    0.11496129631996155,
    0.11591674387454987,
    0.12263379991054535,
    0.11999448388814926,
    0.11794837564229965,
    0.12366066128015518,
    0.11766999959945679,
    0.11992431432008743,
    0.11842962354421616,
    0.11902318894863129,
    0.11689342558383942,
    0.11937064677476883,
    0.12075874209403992,
    0.11712539196014404,
    0.11725126206874847,
    0.12105178833007812,
    0.11635517328977585,
    0.11909416317939758,
    0.11862590909004211,
    0.12049238383769989,
    0.11703208833932877,
    0.11881200969219208,
    0.11768020689487457
  ],
  "cumulative_best": [
    0.05720043182373047,
    0.05720043182373047,
    0.05720043182373047,
    0.05720043182373047,
    0.05720043182373047,
    0.05720043182373047,
    0.05720043182373047,
    0.05720043182373047,
    0.05720043182373047,
    0.05720043182373047,
    0.05720043182373047,
    0.05720043182373047,
    0.05720043182373047,
    0.05720043182373047,
    0.05137348175048828,
    0.05137348175048828,
    0.05137348175048828,
    0.05137348175048828,
    0.05137348175048828,
    0.05137348175048828,
    0.04471111297607422,
    0.04471111297607422,
    0.04471111297607422,
    0.04471111297607422,
    0.04471111297607422,
    0.04471111297607422,
    0.04471111297607422,
    0.04471111297607422,
    0.04471111297607422,
    0.04471111297607422,
    0.03743457794189453,
    0.03743457794189453,
    0.03743457794189453,
    0.03743457794189453,
    0.03743457794189453,
    0.03743457794189453,
    0.03743457794189453,
    0.03743457794189453,
    0.03743457794189453,
    0.03743457794189453,
    0.03743457794189453,
    0.03743457794189453,
    0.03743457794189453,
    0.03743457794189453,
    0.03743457794189453,
    0.03743457794189453,
    0.03743457794189453,
    0.03743457794189453,
    0.03743457794189453,
    0.03743457794189453,
    0.03743457794189453,
    0.03743457794189453,
    0.03743457794189453,
    0.03743457794189453,
    0.03743457794189453,
    0.03743457794189453,
    0.03743457794189453,
    0.03743457794189453,
    0.03743457794189453,
    0.03743457794189453,
    0.03743457794189453,
    0.03743457794189453,
    0.03743457794189453,
    0.03605365753173828,
    0.03605365753173828,
    0.03605365753173828,
    0.03605365753173828,
    0.03605365753173828,
    0.03605365753173828,
    0.03605365753173828,
    0.03605365753173828,
    0.03605365753173828,
    0.03605365753173828,
    0.03605365753173828,
    0.03605365753173828,
    0.03605365753173828,
    0.03605365753173828,
    0.03605365753173828,
    0.03605365753173828,
    0.03605365753173828,
    0.03605365753173828,
    0.03605365753173828,
    0.03605365753173828,
    0.03605365753173828,
    0.03605365753173828,
    0.03605365753173828,
    0.03605365753173828,
    0.03605365753173828,
    0.03605365753173828,
    0.03605365753173828,
    0.03605365753173828,
    0.03605365753173828,
    0.03605365753173828,
    0.03605365753173828,
    0.03605365753173828,
    0.03605365753173828,
    0.03605365753173828,
    0.03605365753173828,
    0.03605365753173828,
    0.03605365753173828
  ],