{
  "dim": 10,
  "beta_m": 20.0,
  "beta_h": 20.0,
  "n_train": 2048,
  "seed": 0,
  "n_samples": 8192,
  "local_steps": 10,
  "r_max": 100,
  "oracle_cost_setup": 20480000,
  "oracle_cost_per_use": 81920,
  "wall_seconds": 27.84,
  "batch_best": [
    0.09993648529052734,
    0.08002948760986328,
    0.09772777557373047,
    0.0797414779663086,
    0.0920267105102539,
    0.08825397491455078,
    0.0815286636352539,
    0.08568668365478516,
    0.07245922088623047,
    0.07446002960205078,
    0.058014869689941406,
    0.0695638656616211,
    0.08637332916259766,
    0.07435321807861328,
    0.04664897918701172,
    0.10291004180908203,
    0.08858966827392578,
    0.09566020965576172,
    0.08545398712158203,
    0.06323909759521484,
    0.08753681182861328,
    0.08379840850830078,
    0.08184337615966797,
    0.07652568817138672,
    0.09967517852783203,
    0.08842945098876953,
    0.058678627014160156,
    0.08128833770751953,
    0.09243488311767578,
    0.09943294525146484,
    0.10695552825927734,
    0.08254718780517578,
    0.07911205291748047,
    0.07931232452392578,
    0.0675668716430664,
    0.08907794952392578,
    0.07030582427978516,
    0.0890359878540039,
    0.061776161193847656,
    0.09426593780517578,
    0.08882617950439453,
    0.08071422576904297,
    0.08667850494384766,
    0.09144115447998047,
    0.09824466705322266,
    0.06340694427490234,
    0.06289196014404297,
    0.08063983917236328,
    0.08695697784423828,
    0.0852193832397461,
    0.09361743927001953,
    0.0833444595336914,
    0.07647228240966797,
    0.0995016098022461,
    0.09834575653076172,
    0.08290958404541016,
    0.0876779556274414,
    0.06737041473388672,
    0.09002399444580078,
    0.08958148956298828,
    0.06813526153564453,
    0.05320453643798828,
    0.08097171783447266,
    0.0883340835571289,
    0.0878000259399414,
    0.10893535614013672,
    0.0756826400756836,
    0.0734415054321289,
    0.0779886245727539,
    0.10566425323486328,
    0.0969228744506836,
    0.1062459945678711,
    0.1018838882446289,
    0.10690021514892578,
    0.10443973541259766,
    0.07187938690185547,
    0.0876169204711914,
    0.0864725112915039,
    0.0811777114868164,
    0.10122966766357422,
    0.08253192901611328,
    0.09114360809326172,
    0.0902090072631836,
    0.08578014373779297,
    0.09446430206298828,
    0.08279895782470703,
    0.0891275405883789,
    0.08007526397705078,
    0.0920858383178711,
    0.07892704010009766,
    0.09720897674560547,
    0.09032344818115234,
    0.09627819061279297,
    0.08806705474853516,
    0.08828449249267578,
    0.0635843276977539,
    0.0765066146850586,
    0.08248043060302734,
    0.04882526397705078,
    0.09616374969482422
  ],
  "batch_q01": [
    0.16890868544578552,
    0.1660688817501068,
    0.16301210224628448,
    0.1687759906053543,
    0.1658022254705429,
    0.16877306997776031,
    0.16621319949626923,
    0.1727287918329239,
    0.16565284132957458,
    0.1680951714515686,
    0.16960805654525757,
    0.1635729968547821,
    0.16928735375404358,
    0.17349237203598022,
    0.159004807472229,
    0.1703958362340927,
    0.17153602838516235,
    0.16769540309906006,
    0.16306623816490173,
    0.16684973239898682,
    0.17101596295833588,
    0.16883103549480438,
    0.16965585947036743,
    0.16682399809360504,
    0.16437824070453644,
    0.16619424521923065,
    0.16664279997348785,
    0.16814450919628143,
    0.16902384161949158,
    0.16447590291500092,
    0.16817918419837952,
    0.16866716742515564,
    0.15989366173744202,
    0.16859081387519836,
    0.16374021768569946,
    0.1670258492231369,
    0.16721521317958832,
    0.16951023042201996,
    0.16326148808002472,
    0.1738862544298172,
    0.16398164629936218,
    0.1652042716741562,
    0.16635705530643463,
    0.17170843482017517,
    0.1691417545080185,
    0.16491931676864624,
    0.16564668715000153,
    0.1683918684720993,
    0.16117055714130402,
    0.16698728501796722,
    0.16442027688026428,
    0.16316720843315125,
    0.1732027232646942,
    0.16427546739578247,
    0.17078344523906708,
    0.168789342045784,
    0.16960656642913818,
    0.1673687994480133,
    0.16696056723594666,
    0.16933992505073547,
    0.17040905356407166,
    0.17620380222797394,
    0.1685440093278885,
    0.16529494524002075,
    0.1730262041091919,
    0.17065797746181488,
    0.16622604429721832,
    0.16434518992900848,
    0.16659976541996002,
    0.16876409947872162,
    0.16790008544921875,
    0.1714838743209839,
    0.17022456228733063,
    0.1684630811214447,
    0.17242665588855743,
    0.16214410960674286,
    0.1709531843662262,
    0.1692136824131012,
    0.16684792935848236,
    0.16913051903247833,
    0.1681082546710968,
    0.16882850229740143,
    0.17083153128623962,
    0.16990946233272552,
    0.16213415563106537,
    0.16939999163150787,
    0.16682368516921997,
    0.1662658303976059,
    0.17205564677715302,
    0.17432458698749542,
    0.16357414424419403,
    0.17300628125667572,
    0.16965961456298828,
    0.17299802601337433,
    0.17050176858901978,
    0.1681681126356125,
    0.1668306440114975,
    0.16864819824695587,
    0.16527889668941498,
    0.16843858361244202
  ],
  "cumulative_best": [
    0.09993648529052734,
    0.08002948760986328,
    0.08002948760986328,
    0.0797414779663086,
    0.0797414779663086,
    0.0797414779663086,
    0.0797414779663086,
    0.0797414779663086,
    0.07245922088623047,
    0.07245922088623047,
    0.058014869689941406,
    0.058014869689941406,
    0.058014869689941406,
    0.058014869689941406,
    0.04664897918701172,
    0.04664897918701172,
    0.04664897918701172,
    0.04664897918701172,
    0.04664897918701172,
    0.04664897918701172,
    0.04664897918701172,
    0.04664897918701172,
    0.04664897918701172,
    0.04664897918701172,
    0.04664897918701172,
    0.04664897918701172,
    0.04664897918701172,
    0.04664897918701172,
    0.04664897918701172,
    0.04664897918701172,
    0.04664897918701172,
    0.04664897918701172,
    0.04664897918701172,
    0.04664897918701172,
    0.04664897918701172,
    0.04664897918701172,
    0.04664897918701172,
    0.04664897918701172,
    0.04664897918701172,
    0.04664897918701172,
    0.04664897918701172,
    0.04664897918701172,
    0.04664897918701172,
    0.04664897918701172,
    0.04664897918701172,
    0.04664897918701172,
    0.04664897918701172,
    0.04664897918701172,
    0.04664897918701172,
    0.04664897918701172,
    0.04664897918701172,
    0.04664897918701172,
    0.04664897918701172,
    0.04664897918701172,
    0.04664897918701172,
    0.04664897918701172,
    0.04664897918701172,
    0.04664897918701172,
    0.04664897918701172,
    0.04664897918701172,
    0.04664897918701172,
    0.04664897918701172,
    0.04664897918701172,
    0.04664897918701172,
    0.04664897918701172,
    0.04664897918701172,
    0.04664897918701172,
    0.04664897918701172,
    0.04664897918701172,
    0.04664897918701172,
    0.04664897918701172,
    0.04664897918701172,
    0.04664897918701172,
    0.04664897918701172,
    0.04664897918701172,
    0.04664897918701172,
    0.04664897918701172,
    0.04664897918701172,
    0.04664897918701172,
    0.04664897918701172,
    0.04664897918701172,
    0.04664897918701172,
    0.04664897918701172,
    0.04664897918701172,
    0.04664897918701172,
    0.04664897918701172,
    0.04664897918701172,
    0.04664897918701172,
    0.04664897918701172,
    0.04664897918701172,
    0.04664897918701172,
    0.04664897918701172,
    0.04664897918701172,
    0.04664897918701172,
    0.04664897918701172,
    0.04664897918701172,
    0.04664897918701172,
    0.04664897918701172,
    0.04664897918701172,
    0.04664897918701172
  ],