{
  "dim": 10,
  "beta_m": 20.0,
  "beta_h": 20.0,
  "n_train": 2048,
  "seed": 2,
  "n_samples": 8192,
  "local_steps": 10,
  "r_max": 100,
  "oracle_cost_setup": 20480000,
  "oracle_cost_per_use": 81920,
  "wall_seconds": 44.19,
  "batch_best": [
    0.09174060821533203,
    0.0695486068725586,
    0.1109609603881836,
    0.09863948822021484,
    0.09362316131591797,
    0.10088443756103516,
    0.053429603576660156,
    0.06586170196533203,
    0.09056377410888672,
    0.09308910369873047,
    0.04605388641357422,
    0.06787967681884766,
    0.08903026580810547,
    0.08685016632080078,
    0.08440685272216797,
    0.09299945831298828,
    0.0941457748413086,
    0.06627368927001953,
    0.08137035369873047,
    0.08920001983642578,
    0.0727529525756836,
    0.08855342864990234,
    0.07602214813232422,
    0.1060018539428711,
    0.09046459197998047,
    0.0798654556274414,
    0.09383678436279297,
    0.09861469268798828,
    0.09084796905517578,
    0.08376216888427734,
    0.0941629409790039,
    0.08924198150634766,
    0.10807514190673828,
    0.09133243560791016,
    0.08512592315673828,
    0.0767679214477539,
    0.09653949737548828,
    0.09860897064208984,
    0.07869434356689453,
    0.07326030731201172,
    0.07901668548583984,
    0.06667804718017578,
    0.0813131332397461,
    0.08347034454345703,
    0.09393596649169922,
    0.06960010528564453,
    0.07967853546142578,
    0.07658863067626953,
    0.0920724868774414,
    0.05791759490966797,
    0.08126354217529297,
    0.09319400787353516,
    0.09254741668701172,
    0.08246517181396484,
    0.08539295196533203,
    0.08794879913330078,
    0.07840633392333984,
    0.0962209701538086,
    0.07510852813720703,
    0.07795047760009766,
    0.06915760040283203,
    0.09703350067138672,
    0.0817575454711914,
    0.08971691131591797,
    0.09822940826416016,
    0.09157276153564453,
    0.0903787612915039,
    0.09745121002197266,
    0.07902812957763672,
    0.0765218734741211,
    0.0801706314086914,
    0.09635257720947266,
    0.09641361236572266,
    0.1167306900024414,
    0.0875406265258789,
    0.08584117889404297,
    0.08342838287353516,
    0.0961771011352539,
    0.07873249053955078,
    0.0889577865600586,
    0.0930490493774414,
    0.0965433120727539,
    0.07034969329833984,
    0.07993030548095703,
    0.0653524398803711,
    0.07309818267822266,
    0.0934133529663086,
    0.08069133758544922,
    0.07986164093017578,
    0.09143543243408203,
    0.08515453338623047,
    0.08127880096435547,
    0.06101703643798828,
    0.05868244171142578,
    0.0627603530883789,
    0.08672046661376953,
    0.08440876007080078,
    0.0717458724975586,
    0.07479190826416016,
    0.10350513458251953
  ],
  "batch_q01": [
    0.17012038826942444,
    0.16625525057315826,
    0.16822248697280884,
    0.1711123138666153,
    0.172820582985878,
    0.16849863529205322,
    0.16799649596214294,
    0.16520732641220093,
    0.17000336945056915,
    0.16588278114795685,
    0.16613762080669403,
    0.16657845675945282,
    0.1677674800157547,
    0.16652709245681763,
    0.1724189966917038,
    0.1678948700428009,
    0.16847150027751923,
    0.1672346144914627,
    0.16546174883842468,
    0.16492047905921936,
    0.16876229643821716,
    0.1618494987487793,
    0.16699343919754028,
    0.1708654761314392,
    0.1672886461019516,
    0.16790208220481873,
    0.16589775681495667,
    0.1642431765794754,
    0.16941627860069275,
    0.17352533340454102,
    0.16834673285484314,
    0.16457049548625946,
    0.17394164204597473,
    0.1650327444076538,
    0.16708986461162567,
    0.16748987138271332,
    0.16868272423744202,
    0.16746965050697327,
    0.16891425848007202,
    0.16939660906791687,
    0.16835743188858032,
    0.1670178472995758,
    0.17279647290706635,
    0.17195922136306763,
    0.16528074443340302,
    0.16736389696598053,
    0.16952204704284668,
    0.1695217341184616,
    0.16618232429027557,
    0.1693195402622223,
    0.1688864380121231,
    0.17438118159770966,
    0.16527380049228668,
    0.1721194088459015,
    0.17095932364463806,
    0.17138268053531647,
    0.1637086719274521,
    0.17256687581539154,
    0.17160354554653168,
    0.17046460509300232,
    0.16565872728824615,
    0.16643355786800385,
    0.16876690089702606,
    0.16606217622756958,
    0.16183479130268097,
    0.16976749897003174,
    0.17285935580730438,
    0.16832326352596283,
    0.17225198447704315,
    0.1663060188293457,
    0.16914059221744537,
    0.1711205095052719,
    0.17113113403320312,
    0.17093487083911896,
    0.17434482276439667,
    0.16693876683712006,
    0.1641785055398941,
    0.16778333485126495,
    0.17158298194408417,
    0.16468484699726105,
    0.1698331981897354,
    0.16630861163139343,
    0.1698148250579834,
    0.16589003801345825,
    0.16956831514835358,
    0.1726163625717163,
    0.17549540102481842,
    0.17099319398403168,
    0.17565695941448212,
    0.17299030721187592,
    0.16631101071834564,
    0.17253005504608154,
    0.16820895671844482,
    0.17087601125240326,
    0.1601637452840805,
    0.16882279515266418,
    0.16497640311717987,
    0.16387708485126495,
    0.16847066581249237,
    0.17121267318725586
  ],
  "cumulative_best": [
    0.09174060821533203,
    0.0695486068725586,
    0.0695486068725586,
    0.0695486068725586,
    0.0695486068725586,
    0.0695486068725586,
    0.053429603576660156,
    0.053429603576660156,
    0.053429603576660156,
    0.053429603576660156,
    0.04605388641357422,
    0.04605388641357422,
    0.04605388641357422,
    0.04605388641357422,
    0.04605388641357422,
    0.04605388641357422,
    0.04605388641357422,
    0.04605388641357422,
    0.04605388641357422,
    0.04605388641357422,
    0.04605388641357422,
    0.04605388641357422,
    0.04605388641357422,
    0.04605388641357422,
    0.04605388641357422,
    0.04605388641357422,
    0.04605388641357422,
    0.04605388641357422,
    0.04605388641357422,
    0.04605388641357422,
    0.04605388641357422,
    0.04605388641357422,
    0.04605388641357422,
    0.04605388641357422,
    0.04605388641357422,
    0.04605388641357422,
    0.04605388641357422,
    0.04605388641357422,
    0.04605388641357422,
    0.04605388641357422,
    0.04605388641357422,
    0.04605388641357422,
    0.04605388641357422,
    0.04605388641357422,
    0.04605388641357422,
    0.04605388641357422,
    0.04605388641357422,
    0.04605388641357422,
    0.04605388641357422,
    0.04605388641357422,
    0.04605388641357422,
    0.04605388641357422,
    0.04605388641357422,
    0.04605388641357422,
    0.04605388641357422,
    0.04605388641357422,
    0.04605388641357422,
    0.04605388641357422,
    0.04605388641357422,
    0.04605388641357422,
    0.04605388641357422,
    0.04605388641357422,
    0.04605388641357422,
    0.04605388641357422,
    0.04605388641357422,
    0.04605388641357422,
    0.04605388641357422,
    0.04605388641357422,
    0.04605388641357422,
    0.04605388641357422,
    0.04605388641357422,
    0.04605388641357422,
    0.04605388641357422,
    0.04605388641357422,
    0.04605388641357422,
    0.04605388641357422,
    0.04605388641357422,
    0.04605388641357422,
    0.04605388641357422,
    0.04605388641357422,
    0.04605388641357422,
    0.04605388641357422,
    0.04605388641357422,
    0.04605388641357422,
    0.04605388641357422,
    0.04605388641357422,
    0.04605388641357422,
    0.04605388641357422,
    0.04605388641357422,
    0.04605388641357422,
    0.04605388641357422,
    0.04605388641357422,
    0.04605388641357422,
    0.04605388641357422,
    0.04605388641357422,
    0.04605388641357422,
    0.04605388641357422,
    0.04605388641357422,
    0.04605388641357422,
    0.04605388641357422
  ],