{
  "dim": 10,
  "beta_m": 20.0,
  "beta_h": 50.0,
  "n_train": 2048,
  "seed": 2,
  "n_samples": 8192,
  "local_steps": 10,
  "r_max": 100,
  "oracle_cost_setup": 20480000,
  "oracle_cost_per_use": 81920,
  "wall_seconds": 42.24,
  "batch_best": [
    0.08420467376708984,
    0.08339977264404297,
    0.06019878387451172,
    0.06339740753173828,
    0.027998924255371094,
    0.07638835906982422,
    0.050538063049316406,
    0.06537723541259766,
    0.05656147003173828,
    0.061333656311035156,
    0.04976940155029297,
    0.032952308654785156,
    0.06904125213623047,
    0.05039691925048828,
    0.049607276916503906,
    0.05495738983154297,
    0.052237510681152344,
    0.05173015594482422,
    0.052269935607910156,
    0.0679483413696289,
    0.061652183532714844,
    0.06629467010498047,
    0.06412029266357422,
    0.05050373077392578,
    0.06600666046142578,
    0.07250118255615234,
    0.0737009048461914,
    0.051262855529785156,
    0.06485652923583984,
    0.06991291046142578,
    0.05126667022705078,
    0.06003856658935547,
    0.07030582427978516,
    0.043745994567871094,
    0.04745769500732422,
    0.057625770568847656,
    0.06141948699951172,
    0.07761669158935547,
    0.06222820281982422,
    0.0682992935180664,
    0.05596446990966797,
    0.0662393569946289,
    0.06739139556884766,
    0.06694698333740234,
    0.058938026428222656,
    0.053910255432128906,
    0.06392383575439453,
    0.056260108947753906,
    0.049407005310058594,
    0.054886817932128906,
    0.06667423248291016,
    0.061171531677246094,
    0.06502246856689453,
    0.0780344009399414,
    0.06648921966552734,
    0.07343196868896484,
    0.06759357452392578,
    0.04372692108154297,
    0.0641489028930664,
    0.07393360137939453,
    0.07456684112548828,
    0.04468822479248047,
    0.0738229751586914,
    0.057785987854003906,
    0.06909847259521484,
    0.06159687042236328,
    0.07397937774658203,
    0.07123088836669922,
    0.05874347686767578,
    0.062125205993652344,
    0.05604267120361328,
    0.049569129943847656,
    0.06598377227783203,
    0.05924701690673828,
    0.05488300323486328,
    0.07888507843017578,
    0.06432819366455078,
    0.06314373016357422,
    0.06973743438720703,
    0.07086467742919922,
    0.06095409393310547,
    0.055733680725097656,
    0.06464672088623047,
    0.04941844940185547,
    0.04714679718017578,
    0.06538867950439453,
    0.05263042449951172,
    0.056138038635253906,
    0.038193702697753906,
    0.0752420425415039,
    0.046013832092285156,
    0.05936145782470703,
    0.06812191009521484,
    0.06130504608154297,
    0.0646200180053711,
    0.0640096664428711,
    0.060791969299316406,
    0.06597042083740234,
    0.05364704132080078,
    0.07749080657958984
  ],
  "batch_q01": [
    0.11965526640415192,
    0.11842378228902817,
    0.11999208480119705,
    0.12179279327392578,
    0.1198447048664093,
    0.12270008027553558,
    0.11856866627931595,
    0.11964262276887894,
    0.1153244748711586,
    0.11929506063461304,
    0.11608108133077621,
    0.11784080415964127,
    0.12106401473283768,
    0.11767969280481339,
    0.12131940573453903,
    0.11915238946676254,
    0.11902046203613281,
    0.11340005695819855,
    0.1189892366528511,
    0.12149418145418167,
    0.12016183882951736,
    0.11405118554830551,
    0.11897071450948715,
    0.11758953332901001,
    0.1192537322640419,
    0.12134408950805664,
    0.12122549116611481,
    0.11787115037441254,
    0.11403311043977737,
    0.12106039375066757,
    0.1202271431684494,
    0.11818964034318924,
    0.1229385957121849,
    0.11891084909439087,
    0.12141094356775284,
    0.12328330427408218,
    0.11959239840507507,
    0.11725715547800064,
    0.11973445862531662,
    0.11870238929986954,
    0.11657918989658356,
    0.12053465098142624,
    0.11911384761333466,
    0.11927789449691772,
    0.12097781896591187,
    0.11777853220701218,
    0.1116168424487114,
    0.11999406665563583,
    0.11672990769147873,
    0.1215757355093956,
    0.1186244785785675,
    0.12017614394426346,
    0.11871406435966492,
    0.11996106803417206,
    0.1245725005865097,
    0.11769769340753555,
    0.11449500918388367,
    0.11917566508054733,
    0.11933164298534393,
    0.11908300220966339,
    0.12023521214723587,
    0.12012727558612823,
    0.12315361201763153,
    0.1150519922375679,
    0.11937135457992554,
    0.11711551249027252,
    0.11689499020576477,
    0.11976182460784912,
    0.1225108727812767,
    0.11761581152677536,
    0.11794174462556839,
    0.12163276225328445,
    0.12100785970687866,
    0.12008039653301239,
    0.1217404380440712,
    0.12202226370573044,
    0.11896242201328278,
    0.12094411998987198,
    0.11817615479230881,
    0.1184859424829483,
    0.11658044904470444,
    0.11967578530311584,
    0.119781494140625,
    0.12265632301568985,
    0.12035708874464035,
    0.11867980659008026,
    0.12013227492570877,
    0.1179891973733902,
    0.12127643078565598,
    0.12270959466695786,
    0.11805827915668488,
    0.12177278101444244,
    0.1222609281539917,
    0.1217077225446701,
    0.11586032807826996,
    0.12128891050815582,
    0.1154407262802124,
    0.11928746849298477,
    0.11844741553068161,
    0.1202939823269844
  ],
  "cumulative_best": [
    0.08420467376708984,
    0.08339977264404297,
    0.06019878387451172,
    0.06019878387451172,
    0.027998924255371094,
    0.027998924255371094,
    0.027998924255371094,
    0.027998924255371094,
    0.027998924255371094,
    0.027998924255371094,
    0.027998924255371094,
    0.027998924255371094,
    0.027998924255371094,
    0.027998924255371094,
    0.027998924255371094,
    0.027998924255371094,
    0.027998924255371094,
    0.027998924255371094,
    0.027998924255371094,
    0.027998924255371094,
    0.027998924255371094,
    0.027998924255371094,
    0.027998924255371094,
    0.027998924255371094,
    0.027998924255371094,
    0.027998924255371094,
    0.027998924255371094,
    0.027998924255371094,
    0.027998924255371094,
    0.027998924255371094,
    0.027998924255371094,
    0.027998924255371094,
    0.027998924255371094,
    0.027998924255371094,
    0.027998924255371094,
    0.027998924255371094,
    0.027998924255371094,
    0.027998924255371094,
    0.027998924255371094,
    0.027998924255371094,
    0.027998924255371094,
    0.027998924255371094,
    0.027998924255371094,
    0.027998924255371094,
    0.027998924255371094,
    0.027998924255371094,
    0.027998924255371094,
    0.027998924255371094,
    0.027998924255371094,
    0.027998924255371094,
    0.027998924255371094,
    0.027998924255371094,
    0.027998924255371094,
    0.027998924255371094,
    0.027998924255371094,
    0.027998924255371094,
    0.027998924255371094,
    0.027998924255371094,
    0.027998924255371094,
    0.027998924255371094,
    0.027998924255371094,
    0.027998924255371094,
    0.027998924255371094,
    0.027998924255371094,
    0.027998924255371094,
    0.027998924255371094,
    0.027998924255371094,
    0.027998924255371094,
    0.027998924255371094,
    0.027998924255371094,
    0.027998924255371094,
    0.027998924255371094,
    0.027998924255371094,
    0.027998924255371094,
    0.027998924255371094,
    0.027998924255371094,
    0.027998924255371094,
    0.027998924255371094,
    0.027998924255371094,
    0.027998924255371094,
    0.027998924255371094,
    0.027998924255371094,
    0.027998924255371094,
    0.027998924255371094,
    0.027998924255371094,
    0.027998924255371094,
    0.027998924255371094,
    0.027998924255371094,
    0.027998924255371094,
    0.027998924255371094,
    0.027998924255371094,
    0.027998924255371094,
    0.027998924255371094,
    0.027998924255371094,
    0.027998924255371094,
    0.027998924255371094,
    0.027998924255371094,
    0.027998924255371094,
    0.027998924255371094,
    0.027998924255371094
  ],