{
  "dim": 10,
  "beta_m": 5.0,
  "beta_h": 20.0,
  "n_train": 2048,
  "seed": 2,
  "n_samples": 8192,
  "local_steps": 10,
  "r_max": 100,
  "oracle_cost_setup": 20480000,
  "oracle_cost_per_use": 81920,
  "wall_seconds": 43.62,
  "batch_best": [
    0.2945089340209961,
    0.20994853973388672,
    0.2287454605102539,
    0.2295827865600586,
    0.2225351333618164,
    0.2004404067993164,
    0.18817615509033203,
    0.2680788040161133,
    0.20689105987548828,
    0.18326663970947266,
    0.14058971405029297,
    0.30441951751708984,
    0.29103565216064453,
    0.21280956268310547,
    0.20304584503173828,
    0.18095111846923828,
    0.2206888198852539,
    0.31825923919677734,
    0.2013387680053711,
    0.2556619644165039,
    0.24410343170166016,
    0.23729419708251953,
    0.24323558807373047,
    0.23917484283447266,
    0.20752620697021484,
    0.2242727279663086,
    0.33423328399658203,
    0.17728137969970703,
    0.26064014434814453,
    0.16474628448486328,
    0.28801441192626953,
    0.3097219467163086,
    0.13735294342041016,
    0.29599857330322266,
    0.2212667465209961,
    0.3482809066772461,
    0.2365274429321289,
    0.30362415313720703,
    0.2863187789916992,
    0.2345418930053711,
    0.2526521682739258,
    0.26799678802490234,
    0.28851795196533203,
    0.23520755767822266,
    0.18985271453857422,
    0.22291278839111328,
    0.17780017852783203,
    0.27275753021240234,
    0.2858724594116211,
    0.24178028106689453,
    0.20888423919677734,
    0.2545595169067383,
    0.3048524856567383,
    0.16698551177978516,
    0.23778247833251953,
    0.22667407989501953,
    0.22453022003173828,
    0.23513317108154297,
    0.26475048065185547,
    0.3058137893676758,
    0.22453594207763672,
    0.35221004486083984,
    0.2387838363647461,
    0.17304325103759766,
    0.2673978805541992,
    0.2015981674194336,
    0.20617198944091797,
    0.13136005401611328,
    0.20108509063720703,
    0.13213253021240234,
    0.25666141510009766,
    0.2310323715209961,
    0.2514963150024414,
    0.35692310333251953,
    0.36758899688720703,
    0.2019052505493164,
    0.19797420501708984,
    0.3389425277709961,
    0.22691631317138672,
    0.22716617584228516,
    0.3314542770385742,
    0.2429819107055664,
    0.23026371002197266,
    0.19298267364501953,
    0.25301456451416016,
    0.2560415267944336,
    0.16032886505126953,
    0.15253925323486328,
    0.24152851104736328,
    0.29834842681884766,
    0.23423290252685547,
    0.23381328582763672,
    0.21123218536376953,
    0.25011730194091797,
    0.2200155258178711,
    0.19618892669677734,
    0.3330984115600586,
    0.24309635162353516,
    0.3163442611694336,
    0.1760702133178711
  ],
  "batch_q01": [
    1.1826822757720947,
    1.2260425090789795,
    1.180538535118103,
    1.2205592393875122,
    1.1934078931808472,
    1.1828526258468628,
    1.2215851545333862,
    1.1372169256210327,
    1.2305556535720825,
    1.0029881000518799,
    1.1315099000930786,
    1.1947423219680786,
    1.192357063293457,
    1.0825027227401733,
    1.1424580812454224,
    1.2025960683822632,
    1.1852657794952393,
    1.1677794456481934,
    1.24870765209198,
    1.2722169160842896,
    1.2332736253738403,
    1.0985952615737915,
    1.2643156051635742,
    1.285474419593811,
    1.1057343482971191,
    1.2092418670654297,
    1.0782976150512695,
    1.0849319696426392,
    1.2431950569152832,
    1.2395466566085815,
    1.060633659362793,
    1.2271414995193481,
    1.2713876962661743,
    1.1423448324203491,
    1.2825064659118652,
    1.1236509084701538,
    1.1319217681884766,
    1.1795319318771362,
    1.0879014730453491,
    1.2012667655944824,
    1.2458618879318237,
    1.2704001665115356,
    1.2325127124786377,
    1.0768855810165405,
    1.1050491333007812,
    1.207090973854065,
    1.2524771690368652,
    1.1770113706588745,
    1.2732936143875122,
    1.190666913986206,
    1.0833022594451904,
    1.1553045511245728,
    1.194984793663025,
    1.1557031869888306,
    1.1003727912902832,
    1.252105951309204,
    1.1123803853988647,
    1.1992524862289429,
    1.1952422857284546,
    1.1427263021469116,
    1.2533806562423706,
    1.2545714378356934,
    1.1608504056930542,
    1.1107046604156494,
    1.1698367595672607,
    1.2129993438720703,
    1.102919101715088,
    1.1405200958251953,
    1.27382493019104,
    1.0851505994796753,
    1.111354947090149,
    1.1052225828170776,
    1.1876941919326782,
    1.1852706670761108,
    1.1722759008407593,
    1.2057021856307983,
    1.1784617900848389,
    1.0449031591415405,
    1.1565698385238647,
    1.2573906183242798,
    1.2915860414505005,
    1.2101033926010132,
    1.0736846923828125,
    1.087656855583191,
    1.1485676765441895,
    1.167695164680481,
    1.0883179903030396,
    1.0894213914871216,
    1.245623230934143,
    1.265981674194336,
    1.1985985040664673,
    1.2475101947784424,
    1.1135430335998535,
    1.2093751430511475,
    1.1805720329284668,
    1.222693681716919,
    1.1897047758102417,
    1.251573085784912,
    1.2394144535064697,
    1.3104677200317383
  ],
  "cumulative_best": [
    0.2945089340209961,
    0.20994853973388672,
    0.20994853973388672,
    0.20994853973388672,
    0.20994853973388672,
    0.2004404067993164,
    0.18817615509033203,
    0.18817615509033203,
    0.18817615509033203,
    0.18326663970947266,
    0.14058971405029297,
    0.14058971405029297,
    0.14058971405029297,
    0.14058971405029297,
    0.14058971405029297,
    0.14058971405029297,
    0.14058971405029297,
    0.14058971405029297,
    0.14058971405029297,
    0.14058971405029297,
    0.14058971405029297,
    0.14058971405029297,
    0.14058971405029297,
    0.14058971405029297,
    0.14058971405029297,
    0.14058971405029297,
    0.14058971405029297,
    0.14058971405029297,
    0.14058971405029297,
    0.14058971405029297,
    0.14058971405029297,
    0.14058971405029297,
    0.13735294342041016,
    0.13735294342041016,
    0.13735294342041016,
    0.13735294342041016,
    0.13735294342041016,
    0.13735294342041016,
    0.13735294342041016,
    0.13735294342041016,
    0.13735294342041016,
    0.13735294342041016,
    0.13735294342041016,
    0.13735294342041016,
    0.13735294342041016,
    0.13735294342041016,
    0.13735294342041016,
    0.13735294342041016,
    0.13735294342041016,
    0.13735294342041016,
    0.13735294342041016,
    0.13735294342041016,
    0.13735294342041016,
    0.13735294342041016,
    0.13735294342041016,
    0.13735294342041016,
    0.13735294342041016,
    0.13735294342041016,
    0.13735294342041016,
    0.13735294342041016,
    0.13735294342041016,
    0.13735294342041016,
    0.13735294342041016,
    0.13735294342041016,
    0.13735294342041016,
    0.13735294342041016,
    0.13735294342041016,
    0.13136005401611328,
    0.13136005401611328,
    0.13136005401611328,
    0.13136005401611328,
    0.13136005401611328,
    0.13136005401611328,
    0.13136005401611328,
    0.13136005401611328,
    0.13136005401611328,
    0.13136005401611328,
    0.13136005401611328,
    0.13136005401611328,
    0.13136005401611328,
    0.13136005401611328,
    0.13136005401611328,
    0.13136005401611328,
    0.13136005401611328,
    0.13136005401611328,
    0.13136005401611328,
    0.13136005401611328,
    0.13136005401611328,
    0.13136005401611328,
    0.13136005401611328,
    0.13136005401611328,
    0.13136005401611328,
    0.13136005401611328,
    0.13136005401611328,
    0.13136005401611328,
    0.13136005401611328,
    0.13136005401611328,
    0.13136005401611328,
    0.13136005401611328,
    0.13136005401611328
  ],