{
  "dim": 10,
  "beta_m": 5.0,
  "beta_h": 20.0,
  "n_train": 2048,
  "seed": 0,
  "n_samples": 8192,
  "local_steps": 10,
  "r_max": 100,
  "oracle_cost_setup": 20480000,
  "oracle_cost_per_use": 81920,
  "wall_seconds": 15.88,
  "batch_best": [
    0.3160829544067383,
    0.21066570281982422,
    0.2352151870727539,
    0.2328958511352539,
    0.17344379425048828,
    0.25163745880126953,
    0.23940372467041016,
    0.3271932601928711,
    0.16691112518310547,
    0.14880657196044922,
    0.22676563262939453,
    0.2824125289916992,
    0.21129512786865234,
    0.30277347564697266,
    0.2339181900024414,
    0.31953907012939453,
    0.30126094818115234,
    0.18006038665771484,
    0.20581912994384766,
    0.19040966033935547,
    0.2431039810180664,
    0.17593669891357422,
    0.18467235565185547,
    0.1631765365600586,
    0.23955440521240234,
    0.16248226165771484,
    0.23717403411865234,
    0.26409435272216797,
    0.30041027069091797,
    0.1943807601928711,
    0.26074695587158203,
    0.22300243377685547,
    0.27461910247802734,
    0.23773670196533203,
    0.30634021759033203,
    0.19857501983642578,
    0.22829532623291016,
    0.25209522247314453,
    0.2274332046508789,
    0.24968814849853516,
    0.22776508331298828,
    0.3304738998413086,
    0.2261953353881836,
    0.22973346710205078,
    0.30107593536376953,
    0.20366954803466797,
    0.18726634979248047,
    0.20784664154052734,
    0.3053579330444336,
    0.2918729782104492,
    0.25481319427490234,
    0.17866802215576172,
    0.3325815200805664,
    0.23604869842529297,
    0.20794963836669922,
    0.2336263656616211,
    0.15884876251220703,
    0.19480419158935547,
    0.27742671966552734,
    0.21141910552978516,
    0.3041524887084961,
    0.2932271957397461,
    0.3689546585083008,
    0.17763805389404297,
    0.2713136672973633,
    0.1479043960571289,
    0.27222537994384766,
    0.23866558074951172,
    0.12001323699951172,
    0.26880359649658203,
    0.31238460540771484,
    0.20896053314208984,
    0.14672565460205078,
    0.24337100982666016,
    0.25940418243408203,
    0.27849864959716797,
    0.27976322174072266,
    0.22151660919189453,
    0.27452945709228516,
    0.2399435043334961,
    0.22966861724853516,
    0.2291574478149414,
    0.2553434371948242,
    0.26738834381103516,
    0.21445560455322266,
    0.24220752716064453,
    0.3131227493286133,
    0.2996530532836914,
    0.2356729507446289,
    0.33313465118408203,
    0.23169231414794922,
    0.28580188751220703,
    0.1452951431274414,
    0.2790346145629883,
    0.29016971588134766,
    0.2457284927368164,
    0.2003927230834961,
    0.2259206771850586,
    0.17861270904541016,
    0.27358341217041016
  ],
  "batch_q01": [
    1.273557424545288,
    1.125807523727417,
    1.2895474433898926,
    1.1064465045928955,
    1.2410929203033447,
    1.2965489625930786,
    1.2094578742980957,
    1.257131576538086,
    1.2424618005752563,
    1.3117210865020752,
    1.1929680109024048,
    1.2152222394943237,
    1.2316793203353882,
    1.2653018236160278,
    1.1979683637619019,
    1.3106091022491455,
    1.3051292896270752,
    1.2378437519073486,
    1.2446852922439575,
    1.2173887491226196,
    1.2959709167480469,
    1.2383346557617188,
    1.2753032445907593,
    1.2511940002441406,
    1.2919684648513794,
    1.1512436866760254,
    1.1821062564849854,
    1.2814692258834839,
    1.2816119194030762,
    1.2323964834213257,
    1.1495263576507568,
    1.2861130237579346,
    1.241176962852478,
    1.2643991708755493,
    1.3573567867279053,
    1.2861483097076416,
    1.1385083198547363,
    1.0957871675491333,
    1.269485592842102,
    1.2460805177688599,
    1.2798113822937012,
    1.186692237854004,
    1.2021998167037964,
    1.25334632396698,
    1.3010971546173096,
    1.2178514003753662,
    1.2838940620422363,
    1.2506004571914673,
    1.2801796197891235,
    1.3658111095428467,
    1.347137689590454,
    1.2785848379135132,
    1.3390884399414062,
    1.3227356672286987,
    1.1591242551803589,
    1.2827922105789185,
    1.1255007982254028,
    1.192864179611206,
    1.267100214958191,
    1.3005061149597168,
    1.2605990171432495,
    1.2568548917770386,
    1.2858415842056274,
    1.1759802103042603,
    1.2754945755004883,
    1.2157779932022095,
    1.3013437986373901,
    1.2569109201431274,
    1.2200121879577637,
    1.1192203760147095,
    1.2863680124282837,
    1.3066164255142212,
    1.3318586349487305,
    1.2480697631835938,
    1.2623440027236938,
    1.2276121377944946,
    1.271902322769165,
    1.2633031606674194,
    1.2477201223373413,
    1.1871098279953003,
    1.2412110567092896,
    1.3014898300170898,
    1.1959748268127441,
    1.1687947511672974,
    1.1770424842834473,
    1.1038933992385864,
    1.2068750858306885,
    1.3366239070892334,
    1.2561473846435547,
    1.200607180595398,
    1.2417263984680176,
    1.323058009147644,
    1.2011489868164062,
    1.1968226432800293,
    1.3098798990249634,
    1.2150814533233643,
    1.234181523323059,
    1.1062778234481812,
    1.2093737125396729,
    1.3051050901412964
  ],
  "cumulative_best": [
    0.3160829544067383,
    0.21066570281982422,
    0.21066570281982422,
    0.21066570281982422,
    0.17344379425048828,
    0.17344379425048828,
    0.17344379425048828,
    0.17344379425048828,
    0.16691112518310547,
    0.14880657196044922,
    0.14880657196044922,
    0.14880657196044922,
    0.14880657196044922,
    0.14880657196044922,
    0.14880657196044922,
    0.14880657196044922,
    0.14880657196044922,
    0.14880657196044922,
    0.14880657196044922,
    0.14880657196044922,
    0.14880657196044922,
    0.14880657196044922,
    0.14880657196044922,
    0.14880657196044922,
    0.14880657196044922,
    0.14880657196044922,
    0.14880657196044922,
    0.14880657196044922,
    0.14880657196044922,
    0.14880657196044922,
    0.14880657196044922,
    0.14880657196044922,
    0.14880657196044922,
    0.14880657196044922,
    0.14880657196044922,
    0.14880657196044922,
    0.14880657196044922,
    0.14880657196044922,
    0.14880657196044922,
    0.14880657196044922,
    0.14880657196044922,
    0.14880657196044922,
    0.14880657196044922,
    0.14880657196044922,
    0.14880657196044922,
    0.14880657196044922,
    0.14880657196044922,
    0.14880657196044922,
    0.14880657196044922,
    0.14880657196044922,
    0.14880657196044922,
    0.14880657196044922,
    0.14880657196044922,
    0.14880657196044922,
    0.14880657196044922,
    0.14880657196044922,
    0.14880657196044922,
    0.14880657196044922,
    0.14880657196044922,
    0.14880657196044922,
    0.14880657196044922,
    0.14880657196044922,
    0.14880657196044922,
    0.14880657196044922,
    0.14880657196044922,
    0.1479043960571289,
    0.1479043960571289,
    0.1479043960571289,
    0.12001323699951172,
    0.12001323699951172,
    0.12001323699951172,
    0.12001323699951172,
    0.12001323699951172,
    0.12001323699951172,
    0.12001323699951172,
    0.12001323699951172,
    0.12001323699951172,
    0.12001323699951172,
    0.12001323699951172,
    0.12001323699951172,
    0.12001323699951172,
    0.12001323699951172,
    0.12001323699951172,
    0.12001323699951172,
    0.12001323699951172,
    0.12001323699951172,
    0.12001323699951172,
    0.12001323699951172,
    0.12001323699951172,
    0.12001323699951172,
    0.12001323699951172,
    0.12001323699951172,
    0.12001323699951172,
    0.12001323699951172,
    0.12001323699951172,
    0.12001323699951172,
    0.12001323699951172,
    0.12001323699951172,
    0.12001323699951172,
    0.12001323699951172
  ],