{
  "dim": 20,
  "beta_m": 5.0,
  "beta_h": 20.0,
  "n_train": 2048,
  "seed": 2,
  "n_samples": 8192,
  "local_steps": 10,
  "r_max": 100,
  "oracle_cost_setup": 20480000,
  "oracle_cost_per_use": 81920,
  "wall_seconds": 41.85,
  "batch_best": [
    3.320010185241699,
    3.0150938034057617,
    3.221421241760254,
    2.547549247741699,
    3.2468652725219727,
    3.403286933898926,
    3.305373191833496,
    3.2328920364379883,
    3.3587656021118164,
    2.860306739807129,
    3.244725227355957,
    3.1452627182006836,
    3.153231620788574,
    3.1738786697387695,
    3.2298059463500977,
    3.012253761291504,
    3.1488046646118164,
    3.2413854598999023,
    2.8914480209350586,
    3.0658483505249023,
    3.2043962478637695,
    2.9771242141723633,
    2.7551469802856445,
    3.125786781311035,
    2.8874216079711914,
    3.0311803817749023,
    3.0646753311157227,
    3.0785303115844727,
    3.2610483169555664,
    3.2526330947875977,
    2.984339714050293,
    3.3706960678100586,
    3.1949377059936523,
    3.322625160217285,
    3.063614845275879,
    2.86337947845459,
    3.2671422958374023,
    3.128401756286621,
    3.441189765930176,
    3.265589714050293,
    2.8805055618286133,
    3.3057050704956055,
    3.112910270690918,
    3.248135566711426,
    2.6945676803588867,
    3.3498430252075195,
    3.150712013244629,
    3.0375356674194336,
    2.9255475997924805,
    3.286219596862793,
    3.3349218368530273,
    3.2828893661499023,
    3.24111270904541,
    3.127041816711426,
    3.366391181945801,
    3.3025522232055664,
    3.08272647857666,
    2.6855649948120117,
    3.032790184020996,
    3.4348936080932617,
    3.0404577255249023,
    3.1837968826293945,
    3.2355642318725586,
    3.406661033630371,
    2.832634925842285,
    3.1992502212524414,
    2.7758569717407227,
    2.748579978942871,
    3.16243839263916,
    3.329106330871582,
    3.1344289779663086,
    2.810858726501465,
    2.840884208679199,
    3.2124433517456055,
    3.0953760147094727,
    3.114762306213379,
    3.086033821105957,
    3.404818534851074,
    2.8541269302368164,
    3.241581916809082,
    3.1044912338256836,
    2.7768049240112305,
    2.93038272857666,
    3.236639976501465,
    3.1469335556030273,
    2.9359025955200195,
    2.9800729751586914,
    3.125887870788574,
    3.368748664855957,
    3.4597082138061523,
    3.123507499694824,
    3.4194116592407227,
    3.402674674987793,
    3.0033960342407227,
    3.0302915573120117,
    3.4305200576782227,
    3.392073631286621,
    3.07669734954834,
    2.9523000717163086,
    3.153313636779785
  ],
  "batch_q01": [
    4.074295997619629,
    4.048147678375244,
    4.059703826904297,
    4.053796291351318,
    4.0870137214660645,
    4.056578159332275,
    4.068339824676514,
    4.050259113311768,
    4.063985824584961,
    4.087123394012451,
    4.05515718460083,
    4.059000492095947,
    4.104698657989502,
    4.033918380737305,
    4.060014724731445,
    4.119207382202148,
    4.117516040802002,
    4.106345176696777,
    4.079481601715088,
    4.086467742919922,
    4.042552947998047,
    4.075664043426514,
    4.116983413696289,
    4.035005569458008,
    4.049790859222412,
    4.101063251495361,
    4.106050491333008,
    4.072786808013916,
    4.033596992492676,
    4.058791637420654,
    4.032987117767334,
    4.05466890335083,
    4.021396160125732,
    4.044990062713623,
    4.028986930847168,
    4.061691761016846,
    4.083488464355469,
    4.017213344573975,
    4.048542499542236,
    4.064189434051514,
    4.062520980834961,
    4.067070007324219,
    4.069699287414551,
    4.069962501525879,
    4.043631076812744,
    4.084699630737305,
    4.062569618225098,
    4.003997802734375,
    4.0898003578186035,
    4.112706184387207,
    4.0525288581848145,
    4.0959343910217285,
    4.099124908447266,
    4.060677528381348,
    4.066333293914795,
    4.058960914611816,
    4.068507671356201,
    4.080893039703369,
    4.083597183227539,
    4.070138931274414,
    4.076259136199951,
    4.045205116271973,
    4.078303813934326,
    4.0210795402526855,
    4.056264400482178,
    4.109867095947266,
    4.087387561798096,
    4.054707050323486,
    4.094745635986328,
    4.081310272216797,
    4.074649810791016,
    4.056127548217773,
    4.0044450759887695,
    4.105470657348633,
    4.069303512573242,
    4.039273262023926,
    4.092385768890381,
    4.097614765167236,
    4.094579219818115,
    4.056491851806641,
    4.071537971496582,
    4.109611511230469,
    4.076063632965088,
    4.1360602378845215,
    4.017235279083252,
    4.063685894012451,
    4.047584056854248,
    4.002286911010742,
    4.079326152801514,
    4.088516712188721,
    4.019443035125732,
    4.033652305603027,
    4.029407978057861,
    4.063778877258301,
    4.072875499725342,
    4.078736305236816,
    4.059278964996338,
    4.058264255523682,
    4.036563396453857,
    4.081582069396973
  ],
  "cumulative_best": [
    3.320010185241699,
    3.0150938034057617,
    3.0150938034057617,
    2.547549247741699,
    2.547549247741699,
    2.547549247741699,
    2.547549247741699,
    2.547549247741699,
    2.547549247741699,
    2.547549247741699,
    2.547549247741699,
    2.547549247741699,
    2.547549247741699,
    2.547549247741699,
    2.547549247741699,
    2.547549247741699,
    2.547549247741699,
    2.547549247741699,
    2.547549247741699,
    2.547549247741699,
    2.547549247741699,
    2.547549247741699,
    2.547549247741699,
    2.547549247741699,
    2.547549247741699,
    2.547549247741699,
    2.547549247741699,
    2.547549247741699,
    2.547549247741699,
    2.547549247741699,
    2.547549247741699,
    2.547549247741699,
    2.547549247741699,
    2.547549247741699,
    2.547549247741699,
    2.547549247741699,
    2.547549247741699,
    2.547549247741699,
    2.547549247741699,
    2.547549247741699,
    2.547549247741699,
    2.547549247741699,
    2.547549247741699,
    2.547549247741699,
    2.547549247741699,
    2.547549247741699,
    2.547549247741699,
    2.547549247741699,
    2.547549247741699,
    2.547549247741699,
    2.547549247741699,
    2.547549247741699,
    2.547549247741699,
    2.547549247741699,
    2.547549247741699,
    2.547549247741699,
    2.547549247741699,
    2.547549247741699,
    2.547549247741699,
    2.547549247741699,
    2.547549247741699,
    2.547549247741699,
    2.547549247741699,
    2.547549247741699,
    2.547549247741699,
    2.547549247741699,
    2.547549247741699,
    2.547549247741699,
    2.547549247741699,
    2.547549247741699,
    2.547549247741699,
    2.547549247741699,
    2.547549247741699,
    2.547549247741699,
    2.547549247741699,
    2.547549247741699,
    2.547549247741699,
    2.547549247741699,
    2.547549247741699,
    2.547549247741699,
    2.547549247741699,
    2.547549247741699,
    2.547549247741699,
    2.547549247741699,
    2.547549247741699,
    2.547549247741699,
    2.547549247741699,
    2.547549247741699,
    2.547549247741699,
    2.547549247741699,
    2.547549247741699,
    2.547549247741699,
    2.547549247741699,
    2.547549247741699,
    2.547549247741699,
    2.547549247741699,
    2.547549247741699,
    2.547549247741699,
    2.547549247741699,
    2.547549247741699
  ],