{
  "dim": 20,
  "beta_m": 20.0,
  "beta_h": 50.0,
  "n_train": 2048,
  "seed": 1,
  "n_samples": 8192,
  "local_steps": 10,
  "r_max": 100,
  "oracle_cost_setup": 20480000,
  "oracle_cost_per_use": 81920,
  "wall_seconds": 30.32,
  "batch_best": [
    0.12442493438720703,
    0.09263324737548828,
    0.1207284927368164,
    0.12374210357666016,
    0.14603519439697266,
    0.14498233795166016,
    0.10808086395263672,
    0.14889812469482422,
    0.12736797332763672,
    0.1446695327758789,
    0.1365976333618164,
    0.13494586944580078,
    0.11940670013427734,
    0.14422321319580078,
    0.13352680206298828,
    0.12884998321533203,
    0.12886714935302734,
    0.1334371566772461,
    0.13443851470947266,
    0.12371349334716797,
    0.12695026397705078,
    0.14365100860595703,
    0.13319873809814453,
    0.1136178970336914,
    0.13940715789794922,
    0.14028644561767578,
    0.13763904571533203,
    0.1396341323852539,
    0.14270687103271484,
    0.1321859359741211,
    0.11960506439208984,
    0.14263248443603516,
    0.1401510238647461,
    0.1222543716430664,
    0.14931392669677734,
    0.13485240936279297,
    0.14574909210205078,
    0.12479114532470703,
    0.14003276824951172,
    0.14319515228271484,
    0.14865589141845703,
    0.12684154510498047,
    0.14910030364990234,
    0.13959026336669922,
    0.1271677017211914,
    0.13113117218017578,
    0.14384937286376953,
    0.14529895782470703,
    0.10459613800048828,
    0.12139225006103516,
    0.13508129119873047,
    0.1323995590209961,
    0.14764881134033203,
    0.13225269317626953,
    0.12667369842529297,
    0.13468647003173828,
    0.13284778594970703,
    0.14306354522705078,
    0.12908649444580078,
    0.14067935943603516,
    0.13484859466552734,
    0.13880252838134766,
    0.1356801986694336,
    0.13478755950927734,
    0.11757755279541016,
    0.12253856658935547,
    0.14028072357177734,
    0.13405704498291016,
    0.11782169342041016,
    0.12485408782958984,
    0.13281917572021484,
    0.12813663482666016,
    0.14297771453857422,
    0.1320352554321289,
    0.13708209991455078,
    0.14423084259033203,
    0.13480854034423828,
    0.1403493881225586,
    0.1464834213256836,
    0.12461566925048828,
    0.14055538177490234,
    0.11270427703857422,
    0.12240314483642578,
    0.11245250701904297,
    0.13136768341064453,
    0.14427852630615234,
    0.13586139678955078,
    0.14970874786376953,
    0.12572956085205078,
    0.1465768814086914,
    0.13608264923095703,
    0.13664722442626953,
    0.13997745513916016,
    0.14142704010009766,
    0.14002704620361328,
    0.08494091033935547,
    0.13215351104736328,
    0.1415414810180664,
    0.14061832427978516,
    0.13586139678955078
  ],
  "batch_q01": [
    0.20556047558784485,
    0.20031097531318665,
    0.20334170758724213,
    0.20312103629112244,
    0.20417127013206482,
    0.20280158519744873,
    0.20335979759693146,
    0.20325511693954468,
    0.20427079498767853,
    0.201235830783844,
    0.20193250477313995,
    0.2016064077615738,
    0.20086652040481567,
    0.19944441318511963,
    0.20017792284488678,
    0.2058989405632019,
    0.20357519388198853,
    0.19866301119327545,
    0.2031581699848175,
    0.19902153313159943,
    0.2058081179857254,
    0.2007085382938385,
    0.20113752782344818,
    0.20448100566864014,
    0.20127321779727936,
    0.2048577517271042,
    0.20468227565288544,
    0.1983022838830948,
    0.20283864438533783,
    0.19748783111572266,
    0.20209115743637085,
    0.20168712735176086,
    0.2022164911031723,
    0.20346565544605255,
    0.20211490988731384,
    0.20612013339996338,
    0.20469646155834198,
    0.2037997543811798,
    0.20332331955432892,
    0.20273789763450623,
    0.21008026599884033,
    0.20108652114868164,
    0.20200349390506744,
    0.20056667923927307,
    0.2022705078125,
    0.20114544034004211,
    0.19887474179267883,
    0.2014005482196808,
    0.2026670277118683,
    0.20480620861053467,
    0.19853807985782623,
    0.20436841249465942,
    0.20726199448108673,
    0.20230111479759216,
    0.20098930597305298,
    0.20257364213466644,
    0.20062585175037384,
    0.20377273857593536,
    0.2045402079820633,
    0.2017851620912552,
    0.20812241733074188,
    0.19789932668209076,
    0.20202705264091492,
    0.20285959541797638,
    0.19996246695518494,
    0.2047717124223709,
    0.2004852145910263,
    0.20104803144931793,
    0.19908453524112701,
    0.20333081483840942,
    0.20176231861114502,
    0.2030331790447235,
    0.20017316937446594,
    0.2029666304588318,
    0.2020353078842163,
    0.20185121893882751,
    0.20080415904521942,
    0.20256347954273224,
    0.2057224065065384,
    0.20270390808582306,
    0.20171388983726501,
    0.20333673059940338,
    0.19717174768447876,
    0.20035798847675323,
    0.20431271195411682,
    0.19993595778942108,
    0.2011808454990387,
    0.19866178929805756,
    0.20875653624534607,
    0.20013217628002167,
    0.202313631772995,
    0.20157325267791748,
    0.20387019217014313,
    0.20046989619731903,
    0.20159223675727844,
    0.20292679965496063,
    0.2035527378320694,
    0.20193776488304138,
    0.2056756615638733,
    0.20304882526397705
  ],
  "cumulative_best": [
    0.12442493438720703,
    0.09263324737548828,
    0.09263324737548828,
    0.09263324737548828,
    0.09263324737548828,
    0.09263324737548828,
    0.09263324737548828,
    0.09263324737548828,
    0.09263324737548828,
    0.09263324737548828,
    0.09263324737548828,
    0.09263324737548828,
    0.09263324737548828,
    0.09263324737548828,
    0.09263324737548828,
    0.09263324737548828,
    0.09263324737548828,
    0.09263324737548828,
    0.09263324737548828,
    0.09263324737548828,
    0.09263324737548828,
    0.09263324737548828,
    0.09263324737548828,
    0.09263324737548828,
    0.09263324737548828,
    0.09263324737548828,
    0.09263324737548828,
    0.09263324737548828,
    0.09263324737548828,
    0.09263324737548828,
    0.09263324737548828,
    0.09263324737548828,
    0.09263324737548828,
    0.09263324737548828,
    0.09263324737548828,
    0.09263324737548828,
    0.09263324737548828,
    0.09263324737548828,
    0.09263324737548828,
    0.09263324737548828,
    0.09263324737548828,
    0.09263324737548828,
    0.09263324737548828,
    0.09263324737548828,
    0.09263324737548828,
    0.09263324737548828,
    0.09263324737548828,
    0.09263324737548828,
    0.09263324737548828,
    0.09263324737548828,
    0.09263324737548828,
    0.09263324737548828,
    0.09263324737548828,
    0.09263324737548828,
    0.09263324737548828,
    0.09263324737548828,
    0.09263324737548828,
    0.09263324737548828,
    0.09263324737548828,
    0.09263324737548828,
    0.09263324737548828,
    0.09263324737548828,
    0.09263324737548828,
    0.09263324737548828,
    0.09263324737548828,
    0.09263324737548828,
    0.09263324737548828,
    0.09263324737548828,
    0.09263324737548828,
    0.09263324737548828,
    0.09263324737548828,
    0.09263324737548828,
    0.09263324737548828,
    0.09263324737548828,
    0.09263324737548828,
    0.09263324737548828,
    0.09263324737548828,
    0.09263324737548828,
    0.09263324737548828,
    0.09263324737548828,
    0.09263324737548828,
    0.09263324737548828,
    0.09263324737548828,
    0.09263324737548828,
    0.09263324737548828,
    0.09263324737548828,
    0.09263324737548828,
    0.09263324737548828,
    0.09263324737548828,
    0.09263324737548828,
    0.09263324737548828,
    0.09263324737548828,
    0.09263324737548828,
    0.09263324737548828,
    0.09263324737548828,
    0.08494091033935547,
    0.08494091033935547,
    0.08494091033935547,
    0.08494091033935547,
    0.08494091033935547
  ],