{
  "dim": 20,
  "beta_m": 5.0,
  "beta_h": 50.0,
  "n_train": 2048,
  "seed": 0,
  "n_samples": 8192,
  "local_steps": 10,
  "r_max": 100,
  "oracle_cost_setup": 20480000,
  "oracle_cost_per_use": 81920,
  "wall_seconds": 42.76,
  "batch_best": [
    2.740546226501465,
    2.490105628967285,
    2.2102651596069336,
    2.8347959518432617,
    2.3519983291625977,
    2.3228845596313477,
    2.279355049133301,
    2.2498655319213867,
    2.7608461380004883,
    2.5847558975219727,
    2.6868982315063477,
    2.5532751083374023,
    2.2716875076293945,
    2.4755849838256836,
    2.9089155197143555,
    2.6126832962036133,
    2.4092912673950195,
    2.7477235794067383,
    2.620303153991699,
    2.6749277114868164,
    2.411046028137207,
    2.512875556945801,
    2.318760871887207,
    2.592282295227051,
    2.646206855773926,
    2.589362144470215,
    2.3090925216674805,
    2.6350278854370117,
    2.6107301712036133,
    2.443549156188965,
    2.8218393325805664,
    2.452855110168457,
    2.442509651184082,
    2.4681501388549805,
    2.1535634994506836,
    2.2291650772094727,
    2.662247657775879,
    2.5216493606567383,
    2.3831911087036133,
    2.704281806945801,
    2.6868486404418945,
    2.221421241760254,
    2.7243852615356445,
    1.806687355041504,
    2.648226737976074,
    2.7825098037719727,
    2.806796073913574,
    2.8432321548461914,
    2.6265058517456055,
    2.6657915115356445,
    2.502560615539551,
    2.7440061569213867,
    2.625882148742676,
    2.905032157897949,
    2.7291860580444336,
    2.584517478942871,
    2.7226648330688477,
    2.7283620834350586,
    2.504612922668457,
    2.391669273376465,
    2.5961523056030273,
    2.416152000427246,
    2.6399965286254883,
    2.5904321670532227,
    2.51529598236084,
    2.2792062759399414,
    2.5236406326293945,
    1.8595514297485352,
    2.714383125305176,
    2.861149787902832,
    2.8192548751831055,
    2.4146032333374023,
    2.4511194229125977,
    2.7980165481567383,
    3.005448341369629,
    2.625401496887207,
    1.9791059494018555,
    2.719609260559082,
    2.74655818939209,
    2.6760034561157227,
    2.7615060806274414,
    2.6864404678344727,
    2.5275964736938477,
    2.536696434020996,
    2.729323387145996,
    2.1515588760375977,
    2.550633430480957,
    2.539425849914551,
    2.4497079849243164,
    2.5757970809936523,
    2.788374900817871,
    2.601931571960449,
    2.495541572570801,
    2.632870674133301,
    2.8765363693237305,
    2.830306053161621,
    2.389542579650879,
    2.4453554153442383,
    2.3960351943969727,
    2.1901464462280273
  ],
  "batch_q01": [
    3.5503907203674316,
    3.5484306812286377,
    3.5510311126708984,
    3.4881386756896973,
    3.538309097290039,
    3.538358449935913,
    3.594292402267456,
    3.510834217071533,
    3.5610034465789795,
    3.4985756874084473,
    3.59163498878479,
    3.5105676651000977,
    3.5495853424072266,
    3.5078558921813965,
    3.5325279235839844,
    3.570981502532959,
    3.5280439853668213,
    3.513023614883423,
    3.578742265701294,
    3.5071847438812256,
    3.520317554473877,
    3.474109172821045,
    3.4810619354248047,
    3.4884047508239746,
    3.541754961013794,
    3.5390186309814453,
    3.4974982738494873,
    3.5435354709625244,
    3.5148842334747314,
    3.4947588443756104,
    3.529728412628174,
    3.517181396484375,
    3.52884840965271,
    3.519620656967163,
    3.511714220046997,
    3.518873929977417,
    3.5552029609680176,
    3.515625,
    3.5319645404815674,
    3.5790388584136963,
    3.5450026988983154,
    3.5418663024902344,
    3.563473701477051,
    3.4905736446380615,
    3.603318452835083,
    3.491387128829956,
    3.543069362640381,
    3.545203924179077,
    3.5579962730407715,
    3.5102052688598633,
    3.5656213760375977,
    3.54704213142395,
    3.4907655715942383,
    3.5458154678344727,
    3.5267159938812256,
    3.545585870742798,
    3.571408271789551,
    3.508625030517578,
    3.5421173572540283,
    3.5435173511505127,
    3.4836578369140625,
    3.5427746772766113,
    3.543016195297241,
    3.524784803390503,
    3.5200626850128174,
    3.535494804382324,
    3.584333658218384,
    3.5037426948547363,
    3.5520269870758057,
    3.4963104724884033,
    3.4787511825561523,
    3.541635036468506,
    3.505574941635132,
    3.5078415870666504,
    3.5612995624542236,
    3.5518667697906494,
    3.507629871368408,
    3.5365824699401855,
    3.5289201736450195,
    3.543381452560425,
    3.5397391319274902,
    3.5162904262542725,
    3.517155885696411,
    3.561913013458252,
    3.483599901199341,
    3.5292370319366455,
    3.595031499862671,
    3.4858052730560303,
    3.540268659591675,
    3.4987587928771973,
    3.5151777267456055,
    3.585706949234009,
    3.4909515380859375,
    3.553741216659546,
    3.5595388412475586,
    3.5924620628356934,
    3.499598741531372,
    3.564852714538574,
    3.5239756107330322,
    3.52500319480896
  ],
  "cumulative_best": [
    2.740546226501465,
    2.490105628967285,
    2.2102651596069336,
    2.2102651596069336,
    2.2102651596069336,
    2.2102651596069336,
    2.2102651596069336,
    2.2102651596069336,
    2.2102651596069336,
    2.2102651596069336,
    2.2102651596069336,
    2.2102651596069336,
    2.2102651596069336,
    2.2102651596069336,
    2.2102651596069336,
    2.2102651596069336,
    2.2102651596069336,
    2.2102651596069336,
    2.2102651596069336,
    2.2102651596069336,
    2.2102651596069336,
    2.2102651596069336,
    2.2102651596069336,
    2.2102651596069336,
    2.2102651596069336,
    2.2102651596069336,
    2.2102651596069336,
    2.2102651596069336,
    2.2102651596069336,
    2.2102651596069336,
    2.2102651596069336,
    2.2102651596069336,
    2.2102651596069336,
    2.2102651596069336,
    2.1535634994506836,
    2.1535634994506836,
    2.1535634994506836,
    2.1535634994506836,
    2.1535634994506836,
    2.1535634994506836,
    2.1535634994506836,
    2.1535634994506836,
    2.1535634994506836,
    1.806687355041504,
    1.806687355041504,
    1.806687355041504,
    1.806687355041504,
    1.806687355041504,
    1.806687355041504,
    1.806687355041504,
    1.806687355041504,
    1.806687355041504,
    1.806687355041504,
    1.806687355041504,
    1.806687355041504,
    1.806687355041504,
    1.806687355041504,
    1.806687355041504,
    1.806687355041504,
    1.806687355041504,
    1.806687355041504,
    1.806687355041504,
    1.806687355041504,
    1.806687355041504,
    1.806687355041504,
    1.806687355041504,
    1.806687355041504,
    1.806687355041504,
    1.806687355041504,
    1.806687355041504,
    1.806687355041504,
    1.806687355041504,
    1.806687355041504,
    1.806687355041504,
    1.806687355041504,
    1.806687355041504,
    1.806687355041504,
    1.806687355041504,
    1.806687355041504,
    1.806687355041504,
    1.806687355041504,
    1.806687355041504,
    1.806687355041504,
    1.806687355041504,
    1.806687355041504,
    1.806687355041504,
    1.806687355041504,
    1.806687355041504,
    1.806687355041504,
    1.806687355041504,
    1.806687355041504,
    1.806687355041504,
    1.806687355041504,
    1.806687355041504,
    1.806687355041504,
    1.806687355041504,
    1.806687355041504,
    1.806687355041504,
    1.806687355041504,
    1.806687355041504
  ],