{
  "dim": 20,
  "beta_m": 20.0,
  "beta_h": 50.0,
  "n_train": 2048,
  "seed": 2,
  "n_samples": 8192,
  "local_steps": 10,
  "r_max": 100,
  "oracle_cost_setup": 20480000,
  "oracle_cost_per_use": 81920,
  "wall_seconds": 15.86,
  "batch_best": [
    0.12051105499267578,
    0.10724353790283203,
    0.1443185806274414,
    0.13496112823486328,
    0.1542215347290039,
    0.14898395538330078,
    0.1413431167602539,
    0.11226940155029297,
    0.13335132598876953,
    0.12077808380126953,
    0.14350223541259766,
    0.1423330307006836,
    0.13131237030029297,
    0.1096658706665039,
    0.14470195770263672,
    0.13863086700439453,
    0.11819934844970703,
    0.10360240936279297,
    0.1368417739868164,
    0.14107036590576172,
    0.1517190933227539,
    0.1360177993774414,
    0.14640140533447266,
    0.14818859100341797,
    0.11414813995361328,
    0.12419605255126953,
    0.13494014739990234,
    0.14667797088623047,
    0.14351177215576172,
    0.1029825210571289,
    0.11407184600830078,
    0.11400890350341797,
    0.1388845443725586,
    0.13506793975830078,
    0.14092540740966797,
    0.13950824737548828,
    0.14477062225341797,
    0.13989543914794922,
    0.1533365249633789,
    0.11875438690185547,
    0.12498188018798828,
    0.11210155487060547,
    0.14622211456298828,
    0.12526416778564453,
    0.13148975372314453,
    0.1114816665649414,
    0.1301736831665039,
    0.13672542572021484,
    0.1263437271118164,
    0.14552974700927734,
    0.14168453216552734,
    0.14355754852294922,
    0.11843395233154297,
    0.1128225326538086,
    0.13230609893798828,
    0.12528514862060547,
    0.14188671112060547,
    0.14455890655517578,
    0.13283061981201172,
    0.12758350372314453,
    0.12559986114501953,
    0.1019277572631836,
    0.14017772674560547,
    0.12477970123291016,
    0.08614826202392578,
    0.13646221160888672,
    0.1469869613647461,
    0.14298725128173828,
    0.13174152374267578,
    0.12633228302001953,
    0.13504695892333984,
    0.1396627426147461,
    0.1269826889038086,
    0.14615726470947266,
    0.15659046173095703,
    0.1371927261352539,
    0.13190746307373047,
    0.13302135467529297,
    0.1440134048461914,
    0.12995433807373047,
    0.12187862396240234,
    0.1463937759399414,
    0.1476602554321289,
    0.12629985809326172,
    0.1099405288696289,
    0.12547588348388672,
    0.14272022247314453,
    0.14072322845458984,
    0.13022327423095703,
    0.13708209991455078,
    0.13198566436767578,
    0.13793087005615234,
    0.1214303970336914,
    0.11586856842041016,
    0.11011791229248047,
    0.13903522491455078,
    0.15008068084716797,
    0.13216686248779297,
    0.1230306625366211,
    0.1331472396850586
  ],
  "batch_q01": [
    0.20163926482200623,
    0.20066729187965393,
    0.20297330617904663,
    0.2047339230775833,
    0.2052869349718094,
    0.20167295634746552,
    0.20258431136608124,
    0.1992296576499939,
    0.19989512860774994,
    0.2028859704732895,
    0.20327235758304596,
    0.20044878125190735,
    0.20369242131710052,
    0.20356658101081848,
    0.20424912869930267,
    0.2007879763841629,
    0.2003733366727829,
    0.19823816418647766,
    0.19885188341140747,
    0.20058973133563995,
    0.20254312455654144,
    0.19539004564285278,
    0.20313501358032227,
    0.20498362183570862,
    0.20216207206249237,
    0.19926795363426208,
    0.19731032848358154,
    0.20485278964042664,
    0.20084606111049652,
    0.20294447243213654,
    0.20055252313613892,
    0.2052190750837326,
    0.20363153517246246,
    0.19825421273708344,
    0.20528632402420044,
    0.19959032535552979,
    0.2012394666671753,
    0.20099321007728577,
    0.1987345814704895,
    0.198648139834404,
    0.20278383791446686,
    0.2033214420080185,
    0.20330528914928436,
    0.2033831775188446,
    0.20001232624053955,
    0.2009422928094864,
    0.2020474374294281,
    0.20645549893379211,
    0.20008917152881622,
    0.20006154477596283,
    0.20041613280773163,
    0.20585769414901733,
    0.2055322378873825,
    0.20258694887161255,
    0.20310601592063904,
    0.20179198682308197,
    0.2008347362279892,
    0.20486730337142944,
    0.2033955454826355,
    0.20443932712078094,
    0.20206473767757416,
    0.20470257103443146,
    0.20265071094036102,
    0.1979842185974121,
    0.2008201628923416,
    0.2026800513267517,
    0.2002807855606079,
    0.20284965634346008,
    0.20570489764213562,
    0.20168527960777283,
    0.20337115228176117,
    0.19934962689876556,
    0.20285390317440033,
    0.20274747908115387,
    0.20409153401851654,
    0.20279477536678314,
    0.20431962609291077,
    0.20535776019096375,
    0.2041582465171814,
    0.20419931411743164,
    0.20111581683158875,
    0.2015765905380249,
    0.20143398642539978,
    0.2044406533241272,
    0.20535659790039062,
    0.2029278427362442,
    0.2090255320072174,
    0.19844640791416168,
    0.20412595570087433,
    0.20419098436832428,
    0.2024478167295456,
    0.20393159985542297,
    0.19975289702415466,
    0.20431183278560638,
    0.1955641359090805,
    0.2013292759656906,
    0.2011541724205017,
    0.2045474648475647,
    0.20499183237552643,
    0.20274591445922852
  ],
  "cumulative_best": [
    0.12051105499267578,
    0.10724353790283203,
    0.10724353790283203,
    0.10724353790283203,
    0.10724353790283203,
    0.10724353790283203,
    0.10724353790283203,
    0.10724353790283203,
    0.10724353790283203,
    0.10724353790283203,
    0.10724353790283203,
    0.10724353790283203,
    0.10724353790283203,
    0.10724353790283203,
    0.10724353790283203,
    0.10724353790283203,
    0.10724353790283203,
    0.10360240936279297,
    0.10360240936279297,
    0.10360240936279297,
    0.10360240936279297,
    0.10360240936279297,
    0.10360240936279297,
    0.10360240936279297,
    0.10360240936279297,
    0.10360240936279297,
    0.10360240936279297,
    0.10360240936279297,
    0.10360240936279297,
    0.1029825210571289,
    0.1029825210571289,
    0.1029825210571289,
    0.1029825210571289,
    0.1029825210571289,
    0.1029825210571289,
    0.1029825210571289,
    0.1029825210571289,
    0.1029825210571289,
    0.1029825210571289,
    0.1029825210571289,
    0.1029825210571289,
    0.1029825210571289,
    0.1029825210571289,
    0.1029825210571289,
    0.1029825210571289,
    0.1029825210571289,
    0.1029825210571289,
    0.1029825210571289,
    0.1029825210571289,
    0.1029825210571289,
    0.1029825210571289,
    0.1029825210571289,
    0.1029825210571289,
    0.1029825210571289,
    0.1029825210571289,
    0.1029825210571289,
    0.1029825210571289,
    0.1029825210571289,
    0.1029825210571289,
    0.1029825210571289,
    0.1029825210571289,
    0.1019277572631836,
    0.1019277572631836,
    0.1019277572631836,
    0.08614826202392578,
    0.08614826202392578,
    0.08614826202392578,
    0.08614826202392578,
    0.08614826202392578,
    0.08614826202392578,
    0.08614826202392578,
    0.08614826202392578,
    0.08614826202392578,
    0.08614826202392578,
    0.08614826202392578,
    0.08614826202392578,
    0.08614826202392578,
    0.08614826202392578,
    0.08614826202392578,
    0.08614826202392578,
    0.08614826202392578,
    0.08614826202392578,
    0.08614826202392578,
    0.08614826202392578,
    0.08614826202392578,
    0.08614826202392578,
    0.08614826202392578,
    0.08614826202392578,
    0.08614826202392578,
    0.08614826202392578,
    0.08614826202392578,
    0.08614826202392578,
    0.08614826202392578,
    0.08614826202392578,
    0.08614826202392578,
    0.08614826202392578,
    0.08614826202392578,
    0.08614826202392578,
    0.08614826202392578,
    0.08614826202392578
  ],