{
  "dim": 20,
  "beta_m": 5.0,
  "beta_h": 20.0,
  "n_train": 2048,
  "seed": 0,
  "n_samples": 8192,
  "local_steps": 10,
  "r_max": 100,
  "oracle_cost_setup": 20480000,
  "oracle_cost_per_use": 81920,
  "wall_seconds": 45.51,
  "batch_best": [
    3.185389518737793,
    3.1120405197143555,
    2.9086503982543945,
    3.371365547180176,
    3.0662736892700195,
    3.041123390197754,
    2.939955711364746,
    3.076838493347168,
    3.3050966262817383,
    3.2108583450317383,
    3.2202959060668945,
    2.814103126525879,
    2.7451467514038086,
    3.1239519119262695,
    3.2872629165649414,
    3.3178892135620117,
    2.8441076278686523,
    3.2750959396362305,
    3.2667322158813477,
    3.3423948287963867,
    3.0262060165405273,
    2.698489189147949,
    3.112269401550293,
    3.0799665451049805,
    3.260514259338379,
    3.223649024963379,
    3.0297765731811523,
    3.1079931259155273,
    3.123143196105957,
    3.0940542221069336,
    3.279452323913574,
    2.7669248580932617,
    3.1231889724731445,
    3.1206274032592773,
    2.9057416915893555,
    2.987399101257324,
    3.2735395431518555,
    3.1729021072387695,
    3.0632448196411133,
    3.3410158157348633,
    3.046858787536621,
    3.0152101516723633,
    3.2920827865600586,
    2.6746816635131836,
    3.1771116256713867,
    3.2673139572143555,
    3.165432929992676,
    3.2822275161743164,
    3.1808271408081055,
    3.1114110946655273,
    3.1697587966918945,
    3.174445152282715,
    3.2735605239868164,
    3.4562368392944336,
    3.1355371475219727,
    3.1375513076782227,
    3.294793128967285,
    3.346676826477051,
    3.2039575576782227,
    2.7160043716430664,
    3.1182756423950195,
    3.2061986923217773,
    3.158431053161621,
    3.276911735534668,
    3.1702489852905273,
    2.9952898025512695,
    2.9371042251586914,
    2.990168571472168,
    3.322831153869629,
    3.34830379486084,
    3.433333396911621,
    2.984442710876465,
    3.3102235794067383,
    3.285162925720215,
    3.2984724044799805,
    3.2121381759643555,
    2.873385429382324,
    3.239253044128418,
    3.322941780090332,
    3.187819480895996,
    3.4537782669067383,
    3.2952890396118164,
    3.152859687805176,
    3.3186120986938477,
    3.3486948013305664,
    2.4656362533569336,
    3.2064313888549805,
    3.0941038131713867,
    3.3888425827026367,
    3.2921857833862305,
    3.2465429306030273,
    3.197190284729004,
    2.99660587310791,
    3.4329023361206055,
    3.249382972717285,
    3.4680986404418945,
    3.2680864334106445,
    3.268000602722168,
    3.0729665756225586,
    2.9709882736206055
  ],
  "batch_q01": [
    4.09127140045166,
    4.079625129699707,
    4.126149654388428,
    4.014822959899902,
    4.1072163581848145,
    4.105911731719971,
    4.117478847503662,
    4.068127632141113,
    4.0826520919799805,
    4.042791843414307,
    4.146499156951904,
    4.092606067657471,
    4.083526134490967,
    4.083213806152344,
    4.114100456237793,
    4.131263732910156,
    4.099740028381348,
    4.077906131744385,
    4.104396343231201,
    4.089427947998047,
    4.075567245483398,
    4.038562297821045,
    4.053615093231201,
    4.054408550262451,
    4.078555583953857,
    4.078251838684082,
    4.063579082489014,
    4.113282203674316,
    4.069044589996338,
    4.079906940460205,
    4.042425632476807,
    4.074038028717041,
    4.065200328826904,
    4.06589937210083,
    4.060179233551025,
    4.0500969886779785,
    4.131968975067139,
    4.071016311645508,
    4.088874340057373,
    4.140567302703857,
    4.110332489013672,
    4.0865278244018555,
    4.09748649597168,
    4.05361795425415,
    4.15916109085083,
    4.053443431854248,
    4.074135780334473,
    4.085371017456055,
    4.110567092895508,
    4.059528827667236,
    4.104410648345947,
    4.126572608947754,
    4.0572404861450195,
    4.1194682121276855,
    4.077907085418701,
    4.114448070526123,
    4.114992618560791,
    4.051605224609375,
    4.07135534286499,
    4.067484378814697,
    4.073038101196289,
    4.1225786209106445,
    4.070936679840088,
    4.074470043182373,
    4.082456588745117,
    4.111605167388916,
    4.154449462890625,
    4.085570335388184,
    4.14269495010376,
    4.02974271774292,
    4.052449703216553,
    4.093559265136719,
    4.075999736785889,
    4.0944743156433105,
    4.137001037597656,
    4.0994553565979,
    4.0906195640563965,
    4.033431053161621,
    4.091252326965332,
    4.084186553955078,
    4.097484588623047,
    4.075745582580566,
    4.073022365570068,
    4.124661445617676,
    4.057109355926514,
    4.079829692840576,
    4.148544788360596,
    4.05487060546875,
    4.086649417877197,
    4.058443069458008,
    4.070703029632568,
    4.114832878112793,
    4.094761848449707,
    4.09906005859375,
    4.1273651123046875,
    4.148024082183838,
    4.087673664093018,
    4.140797138214111,
    4.111830234527588,
    4.094182968139648
  ],
  "cumulative_best": [
    3.185389518737793,
    3.1120405197143555,
    2.9086503982543945,
    2.9086503982543945,
    2.9086503982543945,
    2.9086503982543945,
    2.9086503982543945,
    2.9086503982543945,
    2.9086503982543945,
    2.9086503982543945,
    2.9086503982543945,
    2.814103126525879,
    2.7451467514038086,
    2.7451467514038086,
    2.7451467514038086,
    2.7451467514038086,
    2.7451467514038086,
    2.7451467514038086,
    2.7451467514038086,
    2.7451467514038086,
    2.7451467514038086,
    2.698489189147949,
    2.698489189147949,
    2.698489189147949,
    2.698489189147949,
    2.698489189147949,
    2.698489189147949,
    2.698489189147949,
    2.698489189147949,
    2.698489189147949,
    2.698489189147949,
    2.698489189147949,
    2.698489189147949,
    2.698489189147949,
    2.698489189147949,
    2.698489189147949,
    2.698489189147949,
    2.698489189147949,
    2.698489189147949,
    2.698489189147949,
    2.698489189147949,
    2.698489189147949,
    2.698489189147949,
    2.6746816635131836,
    2.6746816635131836,
    2.6746816635131836,
    2.6746816635131836,
    2.6746816635131836,
    2.6746816635131836,
    2.6746816635131836,
    2.6746816635131836,
    2.6746816635131836,
    2.6746816635131836,
    2.6746816635131836,
    2.6746816635131836,
    2.6746816635131836,
    2.6746816635131836,
    2.6746816635131836,
    2.6746816635131836,
    2.6746816635131836,
    2.6746816635131836,
    2.6746816635131836,
    2.6746816635131836,
    2.6746816635131836,
    2.6746816635131836,
    2.6746816635131836,
    2.6746816635131836,
    2.6746816635131836,
    2.6746816635131836,
    2.6746816635131836,
    2.6746816635131836,
    2.6746816635131836,
    2.6746816635131836,
    2.6746816635131836,
    2.6746816635131836,
    2.6746816635131836,
    2.6746816635131836,
    2.6746816635131836,
    2.6746816635131836,
    2.6746816635131836,
    2.6746816635131836,
    2.6746816635131836,
    2.6746816635131836,
    2.6746816635131836,
    2.6746816635131836,
    2.4656362533569336,
    2.4656362533569336,
    2.4656362533569336,
    2.4656362533569336,
    2.4656362533569336,
    2.4656362533569336,
    2.4656362533569336,
    2.4656362533569336,
    2.4656362533569336,
    2.4656362533569336,
    2.4656362533569336,
    2.4656362533569336,
    2.4656362533569336,
    2.4656362533569336,
    2.4656362533569336
  ],