{
  "dim": 20,
  "beta_m": 20.0,
  "beta_h": 20.0,
  "n_train": 2048,
  "seed": 1,
  "n_samples": 8192,
  "local_steps": 10,
  "r_max": 100,
  "oracle_cost_setup": 20480000,
  "oracle_cost_per_use": 81920,
  "wall_seconds": 45.79,
  "batch_best": [
    0.2663087844848633,
    0.23697566986083984,
    0.1951436996459961,
    0.24547100067138672,
    0.24383831024169922,
    0.22411632537841797,
    0.26431751251220703,
    0.2385854721069336,
    0.22496700286865234,
    0.25795841217041016,
    0.2052316665649414,
    0.2613039016723633,
    0.22780895233154297,
    0.24126911163330078,
    0.23326778411865234,
    0.21630191802978516,
    0.22260570526123047,
    0.21322154998779297,
    0.24577808380126953,
    0.2584238052368164,
    0.26170825958251953,
    0.28725337982177734,
    0.1969156265258789,
    0.2593355178833008,
    0.24927043914794922,
    0.2579202651977539,
    0.21522808074951172,
    0.23946094512939453,
    0.24081134796142578,
    0.2405385971069336,
    0.2297372817993164,
    0.2720518112182617,
    0.26764392852783203,
    0.24049091339111328,
    0.22468852996826172,
    0.26865291595458984,
    0.23563480377197266,
    0.2539052963256836,
    0.20113277435302734,
    0.23557758331298828,
    0.2552347183227539,
    0.20532894134521484,
    0.24570560455322266,
    0.22887134552001953,
    0.2384500503540039,
    0.2366933822631836,
    0.2227640151977539,
    0.2524690628051758,
    0.25405406951904297,
    0.24282169342041016,
    0.26372623443603516,
    0.28162097930908203,
    0.2556009292602539,
    0.24950122833251953,
    0.2847719192504883,
    0.23729419708251953,
    0.23400402069091797,
    0.25391101837158203,
    0.27748966217041016,
    0.24051761627197266,
    0.2695589065551758,
    0.25829410552978516,
    0.26169300079345703,
    0.17781352996826172,
    0.2531118392944336,
    0.3060789108276367,
    0.2339181900024414,
    0.19933414459228516,
    0.2302694320678711,
    0.23048877716064453,
    0.26627063751220703,
    0.19872188568115234,
    0.27406787872314453,
    0.2786855697631836,
    0.2500925064086914,
    0.24778079986572266,
    0.20960712432861328,
    0.2240610122680664,
    0.24651432037353516,
    0.26302623748779297,
    0.22280406951904297,
    0.2366952896118164,
    0.24678897857666016,
    0.2593355178833008,
    0.23843097686767578,
    0.2530946731567383,
    0.2538156509399414,
    0.2694826126098633,
    0.2295541763305664,
    0.25196170806884766,
    0.23550891876220703,
    0.25930118560791016,
    0.2659883499145508,
    0.25319766998291016,
    0.2612276077270508,
    0.2460031509399414,
    0.26872730255126953,
    0.23719310760498047,
    0.2812490463256836,
    0.2502012252807617
  ],
  "batch_q01": [
    0.3907192349433899,
    0.4005911946296692,
    0.39289191365242004,
    0.38484030961990356,
    0.3952953517436981,
    0.39658546447753906,
    0.39484280347824097,
    0.40124768018722534,
    0.3993965983390808,
    0.3957718312740326,
    0.395592600107193,
    0.38897597789764404,
    0.3987990617752075,
    0.38830119371414185,
    0.392532616853714,
    0.39868441224098206,
    0.3882700204849243,
    0.3962375521659851,
    0.3897804021835327,
    0.3859263062477112,
    0.4032329320907593,
    0.3911997675895691,
    0.39250823855400085,
    0.400089293718338,
    0.3948286175727844,
    0.39785149693489075,
    0.4013993740081787,
    0.3978241980075836,
    0.3902380168437958,
    0.3917536735534668,
    0.3955201208591461,
    0.39963528513908386,
    0.3994891345500946,
    0.39482519030570984,
    0.39471179246902466,
    0.3977397084236145,
    0.39815306663513184,
    0.39823228120803833,
    0.39499932527542114,
    0.39579108357429504,
    0.4046699106693268,
    0.3950425982475281,
    0.38972023129463196,
    0.38952329754829407,
    0.3970358073711395,
    0.38936299085617065,
    0.38541096448898315,
    0.392281174659729,
    0.39721110463142395,
    0.3905491232872009,
    0.3820355534553528,
    0.3949500322341919,
    0.39260876178741455,
    0.3942960202693939,
    0.38955768942832947,
    0.38831090927124023,
    0.39805546402931213,
    0.3922446370124817,
    0.41021764278411865,
    0.38771000504493713,
    0.39308178424835205,
    0.3905892074108124,
    0.3960202634334564,
    0.3921603858470917,
    0.3992363512516022,
    0.39428800344467163,
    0.3881374001502991,
    0.38884174823760986,
    0.39164289832115173,
    0.3860492706298828,
    0.3862863779067993,
    0.39622822403907776,
    0.3988817036151886,
    0.3921002745628357,
    0.3957183361053467,
    0.3922405242919922,
    0.3990677297115326,
    0.39671528339385986,
    0.3979475498199463,
    0.40973174571990967,
    0.3863643407821655,
    0.3969222903251648,
    0.38852301239967346,
    0.3942500650882721,
    0.3969046175479889,
    0.3896956145763397,
    0.39880311489105225,
    0.40227392315864563,
    0.40210381150245667,
    0.39288046956062317,
    0.3930177390575409,
    0.3985058665275574,
    0.39535731077194214,
    0.3939734697341919,
    0.3859889507293701,
    0.3932647705078125,
    0.38963815569877625,
    0.3846873939037323,
    0.3947209417819977,
    0.3863111734390259
  ],
  "cumulative_best": [
    0.2663087844848633,
    0.23697566986083984,
    0.1951436996459961,
    0.1951436996459961,
    0.1951436996459961,
    0.1951436996459961,
    0.1951436996459961,
    0.1951436996459961,
    0.1951436996459961,
    0.1951436996459961,
    0.1951436996459961,
    0.1951436996459961,
    0.1951436996459961,
    0.1951436996459961,
    0.1951436996459961,
    0.1951436996459961,
    0.1951436996459961,
    0.1951436996459961,
    0.1951436996459961,
    0.1951436996459961,
    0.1951436996459961,
    0.1951436996459961,
    0.1951436996459961,
    0.1951436996459961,
    0.1951436996459961,
    0.1951436996459961,
    0.1951436996459961,
    0.1951436996459961,
    0.1951436996459961,
    0.1951436996459961,
    0.1951436996459961,
    0.1951436996459961,
    0.1951436996459961,
    0.1951436996459961,
    0.1951436996459961,
    0.1951436996459961,
    0.1951436996459961,
    0.1951436996459961,
    0.1951436996459961,
    0.1951436996459961,
    0.1951436996459961,
    0.1951436996459961,
    0.1951436996459961,
    0.1951436996459961,
    0.1951436996459961,
    0.1951436996459961,
    0.1951436996459961,
    0.1951436996459961,
    0.1951436996459961,
    0.1951436996459961,
    0.1951436996459961,
    0.1951436996459961,
    0.1951436996459961,
    0.1951436996459961,
    0.1951436996459961,
    0.1951436996459961,
    0.1951436996459961,
    0.1951436996459961,
    0.1951436996459961,
    0.1951436996459961,
    0.1951436996459961,
    0.1951436996459961,
    0.1951436996459961,
    0.17781352996826172,
    0.17781352996826172,
    0.17781352996826172,
    0.17781352996826172,
    0.17781352996826172,
    0.17781352996826172,
    0.17781352996826172,
    0.17781352996826172,
    0.17781352996826172,
    0.17781352996826172,
    0.17781352996826172,
    0.17781352996826172,
    0.17781352996826172,
    0.17781352996826172,
    0.17781352996826172,
    0.17781352996826172,
    0.17781352996826172,
    0.17781352996826172,
    0.17781352996826172,
    0.17781352996826172,
    0.17781352996826172,
    0.17781352996826172,
    0.17781352996826172,
    0.17781352996826172,
    0.17781352996826172,
    0.17781352996826172,
    0.17781352996826172,
    0.17781352996826172,
    0.17781352996826172,
    0.17781352996826172,
    0.17781352996826172,
    0.17781352996826172,
    0.17781352996826172,
    0.17781352996826172,
    0.17781352996826172,
    0.17781352996826172,
    0.17781352996826172
  ],