{
  "dim": 20,
  "beta_m": 20.0,
  "beta_h": 20.0,
  "n_train": 2048,
  "seed": 2,
  "n_samples": 8192,
  "local_steps": 10,
  "r_max": 100,
  "oracle_cost_setup": 20480000,
  "oracle_cost_per_use": 81920,
  "wall_seconds": 29.43,
  "batch_best": [
    0.24244403839111328,
    0.2536001205444336,
    0.25914478302001953,
    0.23384761810302734,
    0.1784505844116211,
    0.26283931732177734,
    0.26076412200927734,
    0.2704763412475586,
    0.27944278717041016,
    0.23718929290771484,
    0.2850046157836914,
    0.26400089263916016,
    0.2514028549194336,
    0.23222064971923828,
    0.2480916976928711,
    0.22591876983642578,
    0.2865591049194336,
    0.23377323150634766,
    0.2696714401245117,
    0.2519693374633789,
    0.24630069732666016,
    0.2748899459838867,
    0.28494930267333984,
    0.2720956802368164,
    0.2350320816040039,
    0.18579578399658203,
    0.2227163314819336,
    0.22840023040771484,
    0.24148845672607422,
    0.2147512435913086,
    0.2318563461303711,
    0.20646953582763672,
    0.24554920196533203,
    0.21215343475341797,
    0.21502017974853516,
    0.24548053741455078,
    0.21324825286865234,
    0.23956012725830078,
    0.22443866729736328,
    0.22791385650634766,
    0.2379770278930664,
    0.23310565948486328,
    0.26773738861083984,
    0.27963924407958984,
    0.2320718765258789,
    0.23627185821533203,
    0.2411489486694336,
    0.27774906158447266,
    0.21035480499267578,
    0.2667970657348633,
    0.23381900787353516,
    0.22224903106689453,
    0.2532472610473633,
    0.2327108383178711,
    0.2384328842163086,
    0.2465219497680664,
    0.26816654205322266,
    0.2397909164428711,
    0.24904918670654297,
    0.2989988327026367,
    0.23893451690673828,
    0.16750240325927734,
    0.20409679412841797,
    0.2548704147338867,
    0.19575786590576172,
    0.2153024673461914,
    0.24190425872802734,
    0.2238759994506836,
    0.19386768341064453,
    0.21887874603271484,
    0.1944894790649414,
    0.2656221389770508,
    0.2331094741821289,
    0.24053287506103516,
    0.2614145278930664,
    0.25687503814697266,
    0.20299243927001953,
    0.2706594467163086,
    0.2121744155883789,
    0.21186542510986328,
    0.25177669525146484,
    0.26620960235595703,
    0.26348018646240234,
    0.18794536590576172,
    0.2887754440307617,
    0.22630596160888672,
    0.2316598892211914,
    0.25786685943603516,
    0.2970094680786133,
    0.2643136978149414,
    0.20897960662841797,
    0.25507259368896484,
    0.23465251922607422,
    0.1861124038696289,
    0.21183109283447266,
    0.2146921157836914,
    0.2216939926147461,
    0.23834896087646484,
    0.2665834426879883,
    0.2637014389038086
  ],
  "batch_q01": [
    0.39098021388053894,
    0.3893871009349823,
    0.4052601456642151,
    0.3917554020881653,
    0.3988659679889679,
    0.39775097370147705,
    0.3938053250312805,
    0.3930952847003937,
    0.38711607456207275,
    0.3964729905128479,
    0.3949924409389496,
    0.39737728238105774,
    0.3912120461463928,
    0.3981134295463562,
    0.39648565649986267,
    0.3879782557487488,
    0.39711007475852966,
    0.394294798374176,
    0.39319097995758057,
    0.3953056335449219,
    0.3955024182796478,
    0.3855111598968506,
    0.3956942558288574,
    0.4025358557701111,
    0.40054672956466675,
    0.3928515315055847,
    0.3987542390823364,
    0.39522236585617065,
    0.40074387192726135,
    0.38928720355033875,
    0.4030957818031311,
    0.3890019357204437,
    0.39412960410118103,
    0.3964886963367462,
    0.39322933554649353,
    0.39828938245773315,
    0.3994154632091522,
    0.39132586121559143,
    0.386783242225647,
    0.398850679397583,
    0.38872963190078735,
    0.39234328269958496,
    0.403894305229187,
    0.40110230445861816,
    0.3957520127296448,
    0.39851731061935425,
    0.39147475361824036,
    0.38971060514450073,
    0.38571786880493164,
    0.38732853531837463,
    0.39241358637809753,
    0.39680907130241394,
    0.39689329266548157,
    0.3890083432197571,
    0.40031471848487854,
    0.39494240283966064,
    0.38463589549064636,
    0.3958013951778412,
    0.3887864053249359,
    0.40179577469825745,
    0.3922088146209717,
    0.3951924443244934,
    0.39821597933769226,
    0.3879838287830353,
    0.39760860800743103,
    0.3899763226509094,
    0.39960938692092896,
    0.3962079584598541,
    0.38789603114128113,
    0.3928343951702118,
    0.3915192186832428,
    0.3922427296638489,
    0.39144280552864075,
    0.3966202735900879,
    0.3991616368293762,
    0.39494335651397705,
    0.3962971568107605,
    0.3961208164691925,
    0.3986152112483978,
    0.3928009867668152,
    0.39201927185058594,
    0.39107874035835266,
    0.394885390996933,
    0.39337825775146484,
    0.39817115664482117,
    0.39593198895454407,
    0.39537155628204346,
    0.3952782452106476,
    0.40653321146965027,
    0.40491098165512085,
    0.39710137248039246,
    0.39087381958961487,
    0.39224377274513245,
    0.3989101052284241,
    0.3882611393928528,
    0.3888689875602722,
    0.3957011103630066,
    0.39094510674476624,
    0.3947446942329407,
    0.40475842356681824
  ],
  "cumulative_best": [
    0.24244403839111328,
    0.24244403839111328,
    0.24244403839111328,
    0.23384761810302734,
    0.1784505844116211,
    0.1784505844116211,
    0.1784505844116211,
    0.1784505844116211,
    0.1784505844116211,
    0.1784505844116211,
    0.1784505844116211,
    0.1784505844116211,
    0.1784505844116211,
    0.1784505844116211,
    0.1784505844116211,
    0.1784505844116211,
    0.1784505844116211,
    0.1784505844116211,
    0.1784505844116211,
    0.1784505844116211,
    0.1784505844116211,
    0.1784505844116211,
    0.1784505844116211,
    0.1784505844116211,
    0.1784505844116211,
    0.1784505844116211,
    0.1784505844116211,
    0.1784505844116211,
    0.1784505844116211,
    0.1784505844116211,
    0.1784505844116211,
    0.1784505844116211,
    0.1784505844116211,
    0.1784505844116211,
    0.1784505844116211,
    0.1784505844116211,
    0.1784505844116211,
    0.1784505844116211,
    0.1784505844116211,
    0.1784505844116211,
    0.1784505844116211,
    0.1784505844116211,
    0.1784505844116211,
    0.1784505844116211,
    0.1784505844116211,
    0.1784505844116211,
    0.1784505844116211,
    0.1784505844116211,
    0.1784505844116211,
    0.1784505844116211,
    0.1784505844116211,
    0.1784505844116211,
    0.1784505844116211,
    0.1784505844116211,
    0.1784505844116211,
    0.1784505844116211,
    0.1784505844116211,
    0.1784505844116211,
    0.1784505844116211,
    0.1784505844116211,
    0.1784505844116211,
    0.16750240325927734,
    0.16750240325927734,
    0.16750240325927734,
    0.16750240325927734,
    0.16750240325927734,
    0.16750240325927734,
    0.16750240325927734,
    0.16750240325927734,
    0.16750240325927734,
    0.16750240325927734,
    0.16750240325927734,
    0.16750240325927734,
    0.16750240325927734,
    0.16750240325927734,
    0.16750240325927734,
    0.16750240325927734,
    0.16750240325927734,
    0.16750240325927734,
    0.16750240325927734,
    0.16750240325927734,
    0.16750240325927734,
    0.16750240325927734,
    0.16750240325927734,
    0.16750240325927734,
    0.16750240325927734,
    0.16750240325927734,
    0.16750240325927734,
    0.16750240325927734,
    0.16750240325927734,
    0.16750240325927734,
    0.16750240325927734,
    0.16750240325927734,
    0.16750240325927734,
    0.16750240325927734,
    0.16750240325927734,
    0.16750240325927734,
    0.16750240325927734,
    0.16750240325927734,
    0.16750240325927734
  ],