{
  "dim": 20,
  "beta_m": 5.0,
  "beta_h": 50.0,
  "n_train": 2048,
  "seed": 1,
  "n_samples": 8192,
  "local_steps": 10,
  "r_max": 100,
  "oracle_cost_setup": 20480000,
  "oracle_cost_per_use": 81920,
  "wall_seconds": 39.98,
  "batch_best": [
    2.261275291442871,
    2.6451215744018555,
    2.634486198425293,
    2.9540910720825195,
    2.816868782043457,
    2.5108537673950195,
    2.341752052307129,
    2.569310188293457,
    2.583531379699707,
    2.870528221130371,
    2.0906572341918945,
    2.592576026916504,
    2.7084131240844727,
    2.3858633041381836,
    2.4325437545776367,
    2.737551689147949,
    2.7862634658813477,
    2.1300172805786133,
    2.4691991806030273,
    2.8769350051879883,
    2.6442651748657227,
    2.2206716537475586,
    2.5059900283813477,
    2.360781669616699,
    2.4472665786743164,
    2.5365419387817383,
    2.3665590286254883,
    2.681790351867676,
    2.7233877182006836,
    2.4525575637817383,
    1.7793912887573242,
    2.5596704483032227,
    2.4514360427856445,
    2.486618995666504,
    2.4621572494506836,
    2.5482492446899414,
    2.819441795349121,
    2.5109033584594727,
    2.7042741775512695,
    2.5999059677124023,
    2.594862937927246,
    2.47756290435791,
    2.52431583404541,
    2.4013967514038086,
    2.76401424407959,
    2.556614875793457,
    2.543320655822754,
    2.42507266998291,
    2.754401206970215,
    2.5721006393432617,
    2.7105703353881836,
    2.29903507232666,
    2.4614171981811523,
    2.6131467819213867,
    2.70932674407959,
    2.4923295974731445,
    2.38716983795166,
    2.5833005905151367,
    2.6928815841674805,
    2.074772834777832,
    2.678156852722168,
    2.5167970657348633,
    2.492793083190918,
    2.5944414138793945,
    2.203457832336426,
    2.4704790115356445,
    2.2931947708129883,
    2.615586280822754,
    2.7844018936157227,
    2.7800607681274414,
    2.469719886779785,
    2.5164575576782227,
    2.367856025695801,
    2.5054311752319336,
    2.42287540435791,
    2.4987058639526367,
    2.592177391052246,
    2.627408027648926,
    2.599032402038574,
    2.2710466384887695,
    2.58188533782959,
    2.7710351943969727,
    2.6006460189819336,
    2.4262380599975586,
    2.439873695373535,
    2.606867790222168,
    1.8818254470825195,
    2.688490867614746,
    2.457430839538574,
    2.313714027404785,
    2.3296613693237305,
    2.3129091262817383,
    2.5357255935668945,
    2.7386369705200195,
    2.627678871154785,
    2.609555244445801,
    2.711453437805176,
    2.347519874572754,
    2.7729616165161133,
    2.201535224914551
  ],
  "batch_q01": [
    3.516772985458374,
    3.530585765838623,
    3.520012378692627,
    3.480884552001953,
    3.5472331047058105,
    3.4519436359405518,
    3.5402376651763916,
    3.533177137374878,
    3.5206186771392822,
    3.5177505016326904,
    3.509326934814453,
    3.566835880279541,
    3.4878928661346436,
    3.491386651992798,
    3.5198752880096436,
    3.539868116378784,
    3.524653196334839,
    3.545121192932129,
    3.585946559906006,
    3.5330429077148438,
    3.5543947219848633,
    3.5075550079345703,
    3.565709114074707,
    3.5092811584472656,
    3.5028910636901855,
    3.4985227584838867,
    3.5245351791381836,
    3.517272710800171,
    3.527473211288452,
    3.523956537246704,
    3.535236358642578,
    3.527466058731079,
    3.5300498008728027,
    3.51043963432312,
    3.4802534580230713,
    3.514009952545166,
    3.5693929195404053,
    3.507530689239502,
    3.5221972465515137,
    3.52543306350708,
    3.526142120361328,
    3.5286388397216797,
    3.559251546859741,
    3.5192716121673584,
    3.4883785247802734,
    3.514401435852051,
    3.5079479217529297,
    3.507948160171509,
    3.503566026687622,
    3.515263080596924,
    3.5482823848724365,
    3.5020060539245605,
    3.4726836681365967,
    3.5068979263305664,
    3.529590129852295,
    3.482006549835205,
    3.534151554107666,
    3.5165207386016846,
    3.5130348205566406,
    3.487781524658203,
    3.5673668384552,
    3.5193569660186768,
    3.526219129562378,
    3.539485454559326,
    3.4861397743225098,
    3.570558786392212,
    3.5319900512695312,
    3.4654204845428467,
    3.517982006072998,
    3.5321643352508545,
    3.527089834213257,
    3.5096275806427,
    3.4890778064727783,
    3.4764249324798584,
    3.525808095932007,
    3.5154168605804443,
    3.5177223682403564,
    3.4919917583465576,
    3.512491226196289,
    3.534684419631958,
    3.5210626125335693,
    3.522327423095703,
    3.509814739227295,
    3.488107442855835,
    3.526500940322876,
    3.5316524505615234,
    3.4891891479492188,
    3.5492115020751953,
    3.525299549102783,
    3.514463186264038,
    3.523460865020752,
    3.532590627670288,
    3.475353717803955,
    3.4914026260375977,
    3.5388786792755127,
    3.4932937622070312,
    3.541205406188965,
    3.491655111312866,
    3.5187323093414307,
    3.49587082862854
  ],
  "cumulative_best": [
    2.261275291442871,
    2.261275291442871,
    2.261275291442871,
    2.261275291442871,
    2.261275291442871,
    2.261275291442871,
    2.261275291442871,
    2.261275291442871,
    2.261275291442871,
    2.261275291442871,
    2.0906572341918945,
    2.0906572341918945,
    2.0906572341918945,
    2.0906572341918945,
    2.0906572341918945,
    2.0906572341918945,
    2.0906572341918945,
    2.0906572341918945,
    2.0906572341918945,
    2.0906572341918945,
    2.0906572341918945,
    2.0906572341918945,
    2.0906572341918945,
    2.0906572341918945,
    2.0906572341918945,
    2.0906572341918945,
    2.0906572341918945,
    2.0906572341918945,
    2.0906572341918945,
    2.0906572341918945,
    1.7793912887573242,
    1.7793912887573242,
    1.7793912887573242,
    1.7793912887573242,
    1.7793912887573242,
    1.7793912887573242,
    1.7793912887573242,
    1.7793912887573242,
    1.7793912887573242,
    1.7793912887573242,
    1.7793912887573242,
    1.7793912887573242,
    1.7793912887573242,
    1.7793912887573242,
    1.7793912887573242,
    1.7793912887573242,
    1.7793912887573242,
    1.7793912887573242,
    1.7793912887573242,
    1.7793912887573242,
    1.7793912887573242,
    1.7793912887573242,
    1.7793912887573242,
    1.7793912887573242,
    1.7793912887573242,
    1.7793912887573242,
    1.7793912887573242,
    1.7793912887573242,
    1.7793912887573242,
    1.7793912887573242,
    1.7793912887573242,
    1.7793912887573242,
    1.7793912887573242,
    1.7793912887573242,
    1.7793912887573242,
    1.7793912887573242,
    1.7793912887573242,
    1.7793912887573242,
    1.7793912887573242,
    1.7793912887573242,
    1.7793912887573242,
    1.7793912887573242,
    1.7793912887573242,
    1.7793912887573242,
    1.7793912887573242,
    1.7793912887573242,
    1.7793912887573242,
    1.7793912887573242,
    1.7793912887573242,
    1.7793912887573242,
    1.7793912887573242,
    1.7793912887573242,
    1.7793912887573242,
    1.7793912887573242,
    1.7793912887573242,
    1.7793912887573242,
    1.7793912887573242,
    1.7793912887573242,
    1.7793912887573242,
    1.7793912887573242,
    1.7793912887573242,
    1.7793912887573242,
    1.7793912887573242,
    1.7793912887573242,
    1.7793912887573242,
    1.7793912887573242,
    1.7793912887573242,
    1.7793912887573242,
    1.7793912887573242,
    1.7793912887573242
  ],