{
  "dim": 20,
  "beta_m": 20.0,
  "beta_h": 20.0,
  "n_train": 2048,
  "seed": 0,
  "n_samples": 8192,
  "local_steps": 10,
  "r_max": 100,
  "oracle_cost_setup": 20480000,
  "oracle_cost_per_use": 81920,
  "wall_seconds": 38.88,
  "batch_best": [
    0.21925830841064453,
    0.2741537094116211,
    0.22715473175048828,
    0.29351329803466797,
    0.24109172821044922,
    0.19390010833740234,
    0.2340536117553711,
    0.2383260726928711,
    0.2646188735961914,
    0.2584543228149414,
    0.26575756072998047,
    0.25098705291748047,
    0.26711368560791016,
    0.1861886978149414,
    0.23545551300048828,
    0.2142324447631836,
    0.22641277313232422,
    0.2585573196411133,
    0.23259449005126953,
    0.21724605560302734,
    0.27059459686279297,
    0.2431936264038086,
    0.25215625762939453,
    0.24537372589111328,
    0.2362680435180664,
    0.2552804946899414,
    0.2283792495727539,
    0.2222604751586914,
    0.2939138412475586,
    0.22768306732177734,
    0.24188518524169922,
    0.2518625259399414,
    0.2439870834350586,
    0.18843364715576172,
    0.2505006790161133,
    0.18942928314208984,
    0.25116825103759766,
    0.25163745880126953,
    0.2530050277709961,
    0.26271915435791016,
    0.1646108627319336,
    0.2547121047973633,
    0.2459249496459961,
    0.16733074188232422,
    0.21401309967041016,
    0.2436666488647461,
    0.24368953704833984,
    0.23708438873291016,
    0.2327108383178711,
    0.23865222930908203,
    0.2509317398071289,
    0.20975589752197266,
    0.20197391510009766,
    0.21819210052490234,
    0.24572086334228516,
    0.24690532684326172,
    0.26126956939697266,
    0.2459707260131836,
    0.24013805389404297,
    0.21825504302978516,
    0.2359323501586914,
    0.25433826446533203,
    0.19776630401611328,
    0.25478649139404297,
    0.20946407318115234,
    0.17523479461669922,
    0.21262454986572266,
    0.2456350326538086,
    0.25762462615966797,
    0.19046878814697266,
    0.2344198226928711,
    0.2723379135131836,
    0.2377481460571289,
    0.21028614044189453,
    0.24250507354736328,
    0.25109195709228516,
    0.25821971893310547,
    0.23702335357666016,
    0.22327518463134766,
    0.24647998809814453,
    0.2529592514038086,
    0.26631832122802734,
    0.2590360641479492,
    0.23726367950439453,
    0.2025461196899414,
    0.22324848175048828,
    0.27262020111083984,
    0.25058841705322266,
    0.27765941619873047,
    0.25322818756103516,
    0.21689510345458984,
    0.24930095672607422,
    0.21483516693115234,
    0.2569150924682617,
    0.2547292709350586,
    0.21383380889892578,
    0.20554065704345703,
    0.23954486846923828,
    0.2256460189819336,
    0.20300960540771484
  ],
  "batch_q01": [
    0.3813861012458801,
    0.3940441608428955,
    0.3900289535522461,
    0.39892277121543884,
    0.3914412260055542,
    0.3965577185153961,
    0.39152100682258606,
    0.39406514167785645,
    0.40393295884132385,
    0.396781861782074,
    0.3847086429595947,
    0.4010413587093353,
    0.39744123816490173,
    0.393097460269928,
    0.3944711983203888,
    0.38995787501335144,
    0.39263731241226196,
    0.40128692984580994,
    0.39908167719841003,
    0.386842280626297,
    0.39707109332084656,
    0.39470311999320984,
    0.38621363043785095,
    0.39268141984939575,
    0.3933722972869873,
    0.39606034755706787,
    0.40498262643814087,
    0.3941199481487274,
    0.3938654959201813,
    0.40328437089920044,
    0.3864450752735138,
    0.3984863758087158,
    0.38736680150032043,
    0.3943966031074524,
    0.3927191197872162,
    0.40378138422966003,
    0.3903556764125824,
    0.39264386892318726,
    0.39985156059265137,
    0.39262738823890686,
    0.40439045429229736,
    0.3955302834510803,
    0.3887372314929962,
    0.40006789565086365,
    0.38894814252853394,
    0.39308449625968933,
    0.39260002970695496,
    0.3863203227519989,
    0.39706578850746155,
    0.39973413944244385,
    0.4015653729438782,
    0.39096447825431824,
    0.38973772525787354,
    0.4022100865840912,
    0.39503830671310425,
    0.4028223156929016,
    0.3968091905117035,
    0.39097633957862854,
    0.38264700770378113,
    0.40397578477859497,
    0.39117932319641113,
    0.4014197289943695,
    0.405777245759964,
    0.4003932476043701,
    0.404334157705307,
    0.39855703711509705,
    0.3973983824253082,
    0.39269110560417175,
    0.39378979802131653,
    0.39109158515930176,
    0.39763492345809937,
    0.3928692042827606,
    0.39317068457603455,
    0.3971383571624756,
    0.4044634699821472,
    0.3994685113430023,
    0.4003962576389313,
    0.38979828357696533,
    0.3891875147819519,
    0.39767637848854065,
    0.390460342168808,
    0.3902994394302368,
    0.3895150423049927,
    0.38704562187194824,
    0.3966338038444519,
    0.4003535211086273,
    0.398872971534729,
    0.3883524537086487,
    0.3989444971084595,
    0.40263479948043823,
    0.38772979378700256,
    0.39711886644363403,
    0.3925952613353729,
    0.39135268330574036,
    0.4023447334766388,
    0.39088064432144165,
    0.4006205201148987,
    0.3985956311225891,
    0.38940849900245667,
    0.3948128819465637
  ],
  "cumulative_best": [
    0.21925830841064453,
    0.21925830841064453,
    0.21925830841064453,
    0.21925830841064453,
    0.21925830841064453,
    0.19390010833740234,
    0.19390010833740234,
    0.19390010833740234,
    0.19390010833740234,
    0.19390010833740234,
    0.19390010833740234,
    0.19390010833740234,
    0.19390010833740234,
    0.1861886978149414,
    0.1861886978149414,
    0.1861886978149414,
    0.1861886978149414,
    0.1861886978149414,
    0.1861886978149414,
    0.1861886978149414,
    0.1861886978149414,
    0.1861886978149414,
    0.1861886978149414,
    0.1861886978149414,
    0.1861886978149414,
    0.1861886978149414,
    0.1861886978149414,
    0.1861886978149414,
    0.1861886978149414,
    0.1861886978149414,
    0.1861886978149414,
    0.1861886978149414,
    0.1861886978149414,
    0.1861886978149414,
    0.1861886978149414,
    0.1861886978149414,
    0.1861886978149414,
    0.1861886978149414,
    0.1861886978149414,
    0.1861886978149414,
    0.1646108627319336,
    0.1646108627319336,
    0.1646108627319336,
    0.1646108627319336,
    0.1646108627319336,
    0.1646108627319336,
    0.1646108627319336,
    0.1646108627319336,
    0.1646108627319336,
    0.1646108627319336,
    0.1646108627319336,
    0.1646108627319336,
    0.1646108627319336,
    0.1646108627319336,
    0.1646108627319336,
    0.1646108627319336,
    0.1646108627319336,
    0.1646108627319336,
    0.1646108627319336,
    0.1646108627319336,
    0.1646108627319336,
    0.1646108627319336,
    0.1646108627319336,
    0.1646108627319336,
    0.1646108627319336,
    0.1646108627319336,
    0.1646108627319336,
    0.1646108627319336,
    0.1646108627319336,
    0.1646108627319336,
    0.1646108627319336,
    0.1646108627319336,
    0.1646108627319336,
    0.1646108627319336,
    0.1646108627319336,
    0.1646108627319336,
    0.1646108627319336,
    0.1646108627319336,
    0.1646108627319336,
    0.1646108627319336,
    0.1646108627319336,
    0.1646108627319336,
    0.1646108627319336,
    0.1646108627319336,
    0.1646108627319336,
    0.1646108627319336,
    0.1646108627319336,
    0.1646108627319336,
    0.1646108627319336,
    0.1646108627319336,
    0.1646108627319336,
    0.1646108627319336,
    0.1646108627319336,
    0.1646108627319336,
    0.1646108627319336,
    0.1646108627319336,
    0.1646108627319336,
    0.1646108627319336,
    0.1646108627319336,
    0.1646108627319336
  ],