{
  "dim": 20,
  "beta_m": 20.0,
  "beta_h": 50.0,
  "n_train": 2048,
  "seed": 0,
  "n_samples": 8192,
  "local_steps": 10,
  "r_max": 100,
  "oracle_cost_setup": 20480000,
  "oracle_cost_per_use": 81920,
  "wall_seconds": 42.69,
  "batch_best": [
    0.12194156646728516,
    0.13439655303955078,
    0.12875843048095703,
    0.10512828826904297,
    0.13127803802490234,
    0.13082599639892578,
    0.12883663177490234,
    0.13388919830322266,
    0.13944149017333984,
    0.1353006362915039,
    0.13010501861572266,
    0.12456607818603516,
    0.10768604278564453,
    0.1331491470336914,
    0.14266109466552734,
    0.10309314727783203,
    0.1132974624633789,
    0.12402057647705078,
    0.13762378692626953,
    0.14549732208251953,
    0.1454000473022461,
    0.12942028045654297,
    0.13701725006103516,
    0.14040851593017578,
    0.14145374298095703,
    0.13055706024169922,
    0.12474346160888672,
    0.10950756072998047,
    0.1329813003540039,
    0.1266622543334961,
    0.14872074127197266,
    0.1439352035522461,
    0.13467884063720703,
    0.1197500228881836,
    0.11150646209716797,
    0.1347494125366211,
    0.12843799591064453,
    0.13471317291259766,
    0.1201772689819336,
    0.1156625747680664,
    0.14086246490478516,
    0.12232685089111328,
    0.1246328353881836,
    0.14755916595458984,
    0.14352130889892578,
    0.12366390228271484,
    0.13767337799072266,
    0.1205434799194336,
    0.13058185577392578,
    0.12523937225341797,
    0.09967708587646484,
    0.11129474639892578,
    0.13214588165283203,
    0.14504528045654297,
    0.14350605010986328,
    0.1079854965209961,
    0.1347055435180664,
    0.12241840362548828,
    0.13757801055908203,
    0.13892078399658203,
    0.14033794403076172,
    0.1117715835571289,
    0.14025402069091797,
    0.1220541000366211,
    0.13151264190673828,
    0.12447261810302734,
    0.11817646026611328,
    0.12509632110595703,
    0.12194156646728516,
    0.13969135284423828,
    0.14386463165283203,
    0.14121341705322266,
    0.13393688201904297,
    0.12233448028564453,
    0.11546039581298828,
    0.14206409454345703,
    0.1457967758178711,
    0.1391763687133789,
    0.11232280731201172,
    0.1059865951538086,
    0.12483882904052734,
    0.13564395904541016,
    0.1445627212524414,
    0.15316486358642578,
    0.11948871612548828,
    0.12613964080810547,
    0.1158590316772461,
    0.1322336196899414,
    0.14167308807373047,
    0.15601444244384766,
    0.13913822174072266,
    0.1343679428100586,
    0.10303974151611328,
    0.1136789321899414,
    0.13438892364501953,
    0.1218252182006836,
    0.11374568939208984,
    0.13475513458251953,
    0.1232309341430664,
    0.13824939727783203
  ],
  "batch_q01": [
    0.19783447682857513,
    0.19945351779460907,
    0.20378611981868744,
    0.20209328830242157,
    0.19810190796852112,
    0.19922059774398804,
    0.1996346116065979,
    0.20308159291744232,
    0.203131765127182,
    0.20279332995414734,
    0.206685870885849,
    0.20840059220790863,
    0.20407383143901825,
    0.20210611820220947,
    0.20083394646644592,
    0.20117074251174927,
    0.1999650001525879,
    0.20191439986228943,
    0.20234039425849915,
    0.20397330820560455,
    0.199499249458313,
    0.20195236802101135,
    0.19994427263736725,
    0.20288926362991333,
    0.20215311646461487,
    0.2006710171699524,
    0.20428340137004852,
    0.20085152983665466,
    0.20374546945095062,
    0.20319223403930664,
    0.20275907218456268,
    0.2033350169658661,
    0.19727973639965057,
    0.20220667123794556,
    0.20272445678710938,
    0.2046871781349182,
    0.20258472859859467,
    0.20166273415088654,
    0.2040509283542633,
    0.20016445219516754,
    0.20271435379981995,
    0.20234639942646027,
    0.201609805226326,
    0.20478175580501556,
    0.2032473236322403,
    0.2037643939256668,
    0.2034708559513092,
    0.19783036410808563,
    0.2022949755191803,
    0.2008364498615265,
    0.19984063506126404,
    0.20126576721668243,
    0.20179463922977448,
    0.20433057844638824,
    0.20211297273635864,
    0.20132765173912048,
    0.20120923221111298,
    0.19780541956424713,
    0.1966732144355774,
    0.19842569530010223,
    0.20266668498516083,
    0.20429113507270813,
    0.20399068295955658,
    0.20378713309764862,
    0.20422177016735077,
    0.20168796181678772,
    0.2014932483434677,
    0.19964736700057983,
    0.2004007250070572,
    0.2032771110534668,
    0.20128381252288818,
    0.20475533604621887,
    0.19768810272216797,
    0.20234842598438263,
    0.20638738572597504,
    0.20043329894542694,
    0.20528759062290192,
    0.2019781470298767,
    0.20373108983039856,
    0.20215648412704468,
    0.20136235654354095,
    0.19873270392417908,
    0.20093132555484772,
    0.20473580062389374,
    0.20018711686134338,
    0.20469258725643158,
    0.20745033025741577,
    0.19976277649402618,
    0.20184139907360077,
    0.2072737067937851,
    0.20317500829696655,
    0.2043742537498474,
    0.2008628100156784,
    0.1971115618944168,
    0.20138296484947205,
    0.19906799495220184,
    0.20253047347068787,
    0.2030232548713684,
    0.20094449818134308,
    0.20169028639793396
  ],
  "cumulative_best": [
    0.12194156646728516,
    0.12194156646728516,
    0.12194156646728516,
    0.10512828826904297,
    0.10512828826904297,
    0.10512828826904297,
    0.10512828826904297,
    0.10512828826904297,
    0.10512828826904297,
    0.10512828826904297,
    0.10512828826904297,
    0.10512828826904297,
    0.10512828826904297,
    0.10512828826904297,
    0.10512828826904297,
    0.10309314727783203,
    0.10309314727783203,
    0.10309314727783203,
    0.10309314727783203,
    0.10309314727783203,
    0.10309314727783203,
    0.10309314727783203,
    0.10309314727783203,
    0.10309314727783203,
    0.10309314727783203,
    0.10309314727783203,
    0.10309314727783203,
    0.10309314727783203,
    0.10309314727783203,
    0.10309314727783203,
    0.10309314727783203,
    0.10309314727783203,
    0.10309314727783203,
    0.10309314727783203,
    0.10309314727783203,
    0.10309314727783203,
    0.10309314727783203,
    0.10309314727783203,
    0.10309314727783203,
    0.10309314727783203,
    0.10309314727783203,
    0.10309314727783203,
    0.10309314727783203,
    0.10309314727783203,
    0.10309314727783203,
    0.10309314727783203,
    0.10309314727783203,
    0.10309314727783203,
    0.10309314727783203,
    0.10309314727783203,
    0.09967708587646484,
    0.09967708587646484,
    0.09967708587646484,
    0.09967708587646484,
    0.09967708587646484,
    0.09967708587646484,
    0.09967708587646484,
    0.09967708587646484,
    0.09967708587646484,
    0.09967708587646484,
    0.09967708587646484,
    0.09967708587646484,
    0.09967708587646484,
    0.09967708587646484,
    0.09967708587646484,
    0.09967708587646484,
    0.09967708587646484,
    0.09967708587646484,
    0.09967708587646484,
    0.09967708587646484,
    0.09967708587646484,
    0.09967708587646484,
    0.09967708587646484,
    0.09967708587646484,
    0.09967708587646484,
    0.09967708587646484,
    0.09967708587646484,
    0.09967708587646484,
    0.09967708587646484,
    0.09967708587646484,
    0.09967708587646484,
    0.09967708587646484,
    0.09967708587646484,
    0.09967708587646484,
    0.09967708587646484,
    0.09967708587646484,
    0.09967708587646484,
    0.09967708587646484,
    0.09967708587646484,
    0.09967708587646484,
    0.09967708587646484,
    0.09967708587646484,
    0.09967708587646484,
    0.09967708587646484,
    0.09967708587646484,
    0.09967708587646484,
    0.09967708587646484,
    0.09967708587646484,
    0.09967708587646484,
    0.09967708587646484
  ],