{
  "dim": 20,
  "beta_m": 5.0,
  "beta_h": 20.0,
  "n_train": 2048,
  "seed": 1,
  "n_samples": 8192,
  "local_steps": 10,
  "r_max": 100,
  "oracle_cost_setup": 20480000,
  "oracle_cost_per_use": 81920,
  "wall_seconds": 40.53,
  "batch_best": [
    2.822779655456543,
    3.419989585876465,
    3.008376121520996,
    3.399277687072754,
    3.4311647415161133,
    3.115878105163574,
    3.035223960876465,
    3.238438606262207,
    2.9478063583374023,
    3.4077882766723633,
    2.862912178039551,
    3.2797727584838867,
    3.1920347213745117,
    2.989314079284668,
    3.147740364074707,
    3.311276435852051,
    3.168463706970215,
    2.948178291320801,
    3.351901054382324,
    3.411496162414551,
    3.199610710144043,
    2.921595573425293,
    3.2522878646850586,
    3.154454231262207,
    2.996870994567871,
    3.4100847244262695,
    3.1270856857299805,
    3.1597490310668945,
    3.252030372619629,
    3.0640039443969727,
    2.3996992111206055,
    3.185563087463379,
    3.0807676315307617,
    3.064969062805176,
    3.0734357833862305,
    3.180270195007324,
    3.333958625793457,
    3.076077461242676,
    3.2996702194213867,
    3.349942207336426,
    3.42117977142334,
    2.951146125793457,
    3.1672563552856445,
    3.0787839889526367,
    3.2301340103149414,
    3.079012870788574,
    3.298642158508301,
    2.996554374694824,
    3.1328821182250977,
    3.2842512130737305,
    3.3064775466918945,
    3.013491630554199,
    2.9267454147338867,
    3.232438087463379,
    3.3212499618530273,
    3.164923667907715,
    2.898871421813965,
    3.22268009185791,
    3.288681983947754,
    2.7537431716918945,
    3.317185401916504,
    3.4252424240112305,
    3.168116569519043,
    3.365597724914551,
    2.705866813659668,
    3.1798009872436523,
    3.1836442947387695,
    3.1689462661743164,
    3.2667322158813477,
    3.3355531692504883,
    3.0114622116088867,
    3.19406795501709,
    3.067173957824707,
    3.042935371398926,
    2.92757511138916,
    3.2548131942749023,
    2.9747934341430664,
    3.143282890319824,
    3.3128976821899414,
    3.025242805480957,
    3.3035287857055664,
    3.274529457092285,
    3.218085289001465,
    2.91428279876709,
    3.1330575942993164,
    3.256098747253418,
    2.9170713424682617,
    3.414553642272949,
    3.121281623840332,
    2.875309944152832,
    3.0444040298461914,
    3.03676700592041,
    3.2156572341918945,
    3.26943302154541,
    3.310519218444824,
    3.0635480880737305,
    3.3279008865356445,
    3.1576852798461914,
    3.304692268371582,
    3.2199106216430664
  ],
  "batch_q01": [
    4.0551605224609375,
    4.088443279266357,
    4.075973033905029,
    4.077155590057373,
    4.0921783447265625,
    4.055901527404785,
    4.124301433563232,
    4.111484050750732,
    4.066896915435791,
    4.081791877746582,
    4.054537296295166,
    4.111270427703857,
    4.038055419921875,
    4.075688362121582,
    4.131261348724365,
    4.126607894897461,
    4.064945220947266,
    4.1235833168029785,
    4.149985313415527,
    4.112222671508789,
    4.111593723297119,
    4.025845527648926,
    4.098330020904541,
    4.061739444732666,
    4.109801292419434,
    4.0785441398620605,
    4.079422950744629,
    4.10507869720459,
    4.1061530113220215,
    4.1010026931762695,
    4.093477249145508,
    4.0709099769592285,
    4.063971996307373,
    4.055323123931885,
    4.052039623260498,
    4.074463844299316,
    4.12053108215332,
    4.0650739669799805,
    4.109520435333252,
    4.076231002807617,
    4.075752258300781,
    4.042889595031738,
    4.125458717346191,
    4.066651344299316,
    4.0448503494262695,
    4.060118198394775,
    4.077871799468994,
    4.075022220611572,
    4.047104835510254,
    4.081921577453613,
    4.093354225158691,
    4.055395603179932,
    4.040677070617676,
    4.061107635498047,
    4.093775749206543,
    4.057091236114502,
    4.079502582550049,
    4.0835490226745605,
    4.032207489013672,
    4.0373053550720215,
    4.119857311248779,
    4.096948146820068,
    4.015247344970703,
    4.0772223472595215,
    4.058323383331299,
    4.119992256164551,
    4.102485656738281,
    4.011055946350098,
    4.084693431854248,
    4.095443248748779,
    4.08897590637207,
    4.069832801818848,
    4.028326988220215,
    4.022561550140381,
    4.071854114532471,
    4.069268226623535,
    4.038435459136963,
    4.049738883972168,
    4.060677528381348,
    4.086161136627197,
    4.097225666046143,
    4.094021797180176,
    4.085084915161133,
    4.080944538116455,
    4.100261211395264,
    4.093850612640381,
    4.049457550048828,
    4.104964733123779,
    4.092386245727539,
    4.064194679260254,
    4.1174163818359375,
    4.1031084060668945,
    4.040219306945801,
    4.030569553375244,
    4.095589637756348,
    4.044012069702148,
    4.09848165512085,
    4.063654899597168,
    4.084826946258545,
    4.0786662101745605
  ],
  "cumulative_best": [
    2.822779655456543,
    2.822779655456543,
    2.822779655456543,
    2.822779655456543,
    2.822779655456543,
    2.822779655456543,
    2.822779655456543,
    2.822779655456543,
    2.822779655456543,
    2.822779655456543,
    2.822779655456543,
    2.822779655456543,
    2.822779655456543,
    2.822779655456543,
    2.822779655456543,
    2.822779655456543,
    2.822779655456543,
    2.822779655456543,
    2.822779655456543,
    2.822779655456543,
    2.822779655456543,
    2.822779655456543,
    2.822779655456543,
    2.822779655456543,
    2.822779655456543,
    2.822779655456543,
    2.822779655456543,
    2.822779655456543,
    2.822779655456543,
    2.822779655456543,
    2.3996992111206055,
    2.3996992111206055,
    2.3996992111206055,
    2.3996992111206055,
    2.3996992111206055,
    2.3996992111206055,
    2.3996992111206055,
    2.3996992111206055,
    2.3996992111206055,
    2.3996992111206055,
    2.3996992111206055,
    2.3996992111206055,
    2.3996992111206055,
    2.3996992111206055,
    2.3996992111206055,
    2.3996992111206055,
    2.3996992111206055,
    2.3996992111206055,
    2.3996992111206055,
    2.3996992111206055,
    2.3996992111206055,
    2.3996992111206055,
    2.3996992111206055,
    2.3996992111206055,
    2.3996992111206055,
    2.3996992111206055,
    2.3996992111206055,
    2.3996992111206055,
    2.3996992111206055,
    2.3996992111206055,
    2.3996992111206055,
    2.3996992111206055,
    2.3996992111206055,
    2.3996992111206055,
    2.3996992111206055,
    2.3996992111206055,
    2.3996992111206055,
    2.3996992111206055,
    2.3996992111206055,
    2.3996992111206055,
    2.3996992111206055,
    2.3996992111206055,
    2.3996992111206055,
    2.3996992111206055,
    2.3996992111206055,
    2.3996992111206055,
    2.3996992111206055,
    2.3996992111206055,
    2.3996992111206055,
    2.3996992111206055,
    2.3996992111206055,
    2.3996992111206055,
    2.3996992111206055,
    2.3996992111206055,
    2.3996992111206055,
    2.3996992111206055,
    2.3996992111206055,
    2.3996992111206055,
    2.3996992111206055,
    2.3996992111206055,
    2.3996992111206055,
    2.3996992111206055,
    2.3996992111206055,
    2.3996992111206055,
    2.3996992111206055,
    2.3996992111206055,
    2.3996992111206055,
    2.3996992111206055,
    2.3996992111206055,
    2.3996992111206055
  ],