{
  "dim": 20,
  "beta_m": 5.0,
  "beta_h": 50.0,
  "n_train": 2048,
  "seed": 2,
  "n_samples": 8192,
  "local_steps": 10,
  "r_max": 100,
  "oracle_cost_setup": 20480000,
  "oracle_cost_per_use": 81920,
  "wall_seconds": 19.51,
  "batch_best": [
    2.613335609436035,
    2.463711738586426,
    2.6350717544555664,
    2.1390504837036133,
    2.74520206451416,
    2.736086845397949,
    2.4832658767700195,
    2.5722951889038086,
    2.8271093368530273,
    2.3221864700317383,
    2.560849189758301,
    2.5059213638305664,
    2.4452600479125977,
    2.6423254013061523,
    2.77193546295166,
    2.4752588272094727,
    2.6095170974731445,
    2.654801368713379,
    2.4108457565307617,
    2.0772829055786133,
    2.596165657043457,
    2.619561195373535,
    1.9411649703979492,
    2.682650566101074,
    1.9774484634399414,
    2.459181785583496,
    2.6114377975463867,
    2.301924705505371,
    2.6452150344848633,
    2.5300989151000977,
    2.6415529251098633,
    2.6180410385131836,
    2.5626020431518555,
    2.755721092224121,
    2.3920087814331055,
    2.347954750061035,
    2.615492820739746,
    2.478814125061035,
    2.6911325454711914,
    2.6761693954467773,
    2.2878923416137695,
    2.7337350845336914,
    2.48275089263916,
    2.7161378860473633,
    2.0961294174194336,
    2.6473779678344727,
    2.56191349029541,
    2.495081901550293,
    2.416029930114746,
    2.5464906692504883,
    2.653059959411621,
    2.5050973892211914,
    2.5669374465942383,
    2.355362892150879,
    2.915408134460449,
    2.678471565246582,
    2.6444597244262695,
    2.207514762878418,
    2.5950517654418945,
    2.898562431335449,
    2.614596366882324,
    2.4622583389282227,
    2.7578554153442383,
    2.652134895324707,
    2.4489545822143555,
    2.4066591262817383,
    2.3128652572631836,
    2.2339601516723633,
    2.421563148498535,
    2.653458595275879,
    2.487727165222168,
    2.2586793899536133,
    2.27437686920166,
    2.4307680130004883,
    2.515385627746582,
    2.3255186080932617,
    2.3187456130981445,
    2.7761354446411133,
    2.291741371154785,
    2.220808982849121,
    2.4341726303100586,
    2.4323415756225586,
    2.2458810806274414,
    2.706662178039551,
    2.623335838317871,
    2.355959892272949,
    2.3311281204223633,
    2.4146547317504883,
    2.7513551712036133,
    2.888686180114746,
    2.4870729446411133,
    2.796502113342285,
    2.7286996841430664,
    2.45754337310791,
    2.478217124938965,
    2.763777732849121,
    2.9377355575561523,
    2.4702539443969727,
    2.2363710403442383,
    2.4456701278686523
  ],
  "batch_q01": [
    3.5073294639587402,
    3.5114779472351074,
    3.5150790214538574,
    3.477865695953369,
    3.5257210731506348,
    3.5229153633117676,
    3.507908344268799,
    3.473301649093628,
    3.4979193210601807,
    3.54490327835083,
    3.4830169677734375,
    3.5110812187194824,
    3.54538631439209,
    3.4846677780151367,
    3.4835612773895264,
    3.545257568359375,
    3.5128512382507324,
    3.5447134971618652,
    3.5269346237182617,
    3.523057460784912,
    3.4854137897491455,
    3.5184829235076904,
    3.54118013381958,
    3.479243755340576,
    3.461591958999634,
    3.523388147354126,
    3.554138660430908,
    3.514361619949341,
    3.482276201248169,
    3.4880576133728027,
    3.4868690967559814,
    3.5013978481292725,
    3.465912342071533,
    3.5132014751434326,
    3.4924137592315674,
    3.49613881111145,
    3.5405561923980713,
    3.4799673557281494,
    3.5036025047302246,
    3.478426933288574,
    3.49403715133667,
    3.4706692695617676,
    3.471123695373535,
    3.508584976196289,
    3.4859349727630615,
    3.513554334640503,
    3.522693157196045,
    3.4718704223632812,
    3.504493474960327,
    3.5508551597595215,
    3.4431779384613037,
    3.5227138996124268,
    3.5448811054229736,
    3.4978737831115723,
    3.5181519985198975,
    3.4939146041870117,
    3.543971061706543,
    3.492960214614868,
    3.4958066940307617,
    3.4928619861602783,
    3.5252914428710938,
    3.5030746459960938,
    3.521416425704956,
    3.487483024597168,
    3.4247241020202637,
    3.54413104057312,
    3.513977527618408,
    3.480855703353882,
    3.5145657062530518,
    3.5283491611480713,
    3.488234519958496,
    3.5189931392669678,
    3.4605019092559814,
    3.5712594985961914,
    3.514514207839966,
    3.490981101989746,
    3.520911931991577,
    3.524648427963257,
    3.5436489582061768,
    3.492669105529785,
    3.477463960647583,
    3.525179624557495,
    3.518223524093628,
    3.5634799003601074,
    3.4756572246551514,
    3.520012378692627,
    3.4920225143432617,
    3.437668800354004,
    3.532274007797241,
    3.541994094848633,
    3.4533889293670654,
    3.4624905586242676,
    3.4962501525878906,
    3.4872658252716064,
    3.5034449100494385,
    3.5101518630981445,
    3.4949703216552734,
    3.5019984245300293,
    3.4719552993774414,
    3.5204362869262695
  ],
  "cumulative_best": [
    2.613335609436035,
    2.463711738586426,
    2.463711738586426,
    2.1390504837036133,
    2.1390504837036133,
    2.1390504837036133,
    2.1390504837036133,
    2.1390504837036133,
    2.1390504837036133,
    2.1390504837036133,
    2.1390504837036133,
    2.1390504837036133,
    2.1390504837036133,
    2.1390504837036133,
    2.1390504837036133,
    2.1390504837036133,
    2.1390504837036133,
    2.1390504837036133,
    2.1390504837036133,
    2.0772829055786133,
    2.0772829055786133,
    2.0772829055786133,
    1.9411649703979492,
    1.9411649703979492,
    1.9411649703979492,
    1.9411649703979492,
    1.9411649703979492,
    1.9411649703979492,
    1.9411649703979492,
    1.9411649703979492,
    1.9411649703979492,
    1.9411649703979492,
    1.9411649703979492,
    1.9411649703979492,
    1.9411649703979492,
    1.9411649703979492,
    1.9411649703979492,
    1.9411649703979492,
    1.9411649703979492,
    1.9411649703979492,
    1.9411649703979492,
    1.9411649703979492,
    1.9411649703979492,
    1.9411649703979492,
    1.9411649703979492,
    1.9411649703979492,
    1.9411649703979492,
    1.9411649703979492,
    1.9411649703979492,
    1.9411649703979492,
    1.9411649703979492,
    1.9411649703979492,
    1.9411649703979492,
    1.9411649703979492,
    1.9411649703979492,
    1.9411649703979492,
    1.9411649703979492,
    1.9411649703979492,
    1.9411649703979492,
    1.9411649703979492,
    1.9411649703979492,
    1.9411649703979492,
    1.9411649703979492,
    1.9411649703979492,
    1.9411649703979492,
    1.9411649703979492,
    1.9411649703979492,
    1.9411649703979492,
    1.9411649703979492,
    1.9411649703979492,
    1.9411649703979492,
    1.9411649703979492,
    1.9411649703979492,
    1.9411649703979492,
    1.9411649703979492,
    1.9411649703979492,
    1.9411649703979492,
    1.9411649703979492,
    1.9411649703979492,
    1.9411649703979492,
    1.9411649703979492,
    1.9411649703979492,
    1.9411649703979492,
    1.9411649703979492,
    1.9411649703979492,
    1.9411649703979492,
    1.9411649703979492,
    1.9411649703979492,
    1.9411649703979492,
    1.9411649703979492,
    1.9411649703979492,
    1.9411649703979492,
    1.9411649703979492,
    1.9411649703979492,
    1.9411649703979492,
    1.9411649703979492,
    1.9411649703979492,
    1.9411649703979492,
    1.9411649703979492,
    1.9411649703979492
  ],