{
  "status": "completed",
  "run_name": "ackley_d10_beta10_ula_seed1_mlp256x3_eps_seed1",
  "sample_run_name": "ackley_d10_beta10_ula_seed1",
  "n_training_samples": 8192,
  "dim": 10,
  "n_params": 153354,
  "wall_clock_seconds": 21.63,
  "final_loss": 0.448003,
  "loss_history": [
    2.146458,
    0.850748,
    0.794079,
    0.754982,
    0.674543,
    0.495458,
    0.472217,
    0.467639,
    0.459309,
    0.462352,
    0.462538,
    0.454706,
    0.457218,
    0.460905,
    0.455797,
    0.45998,
    0.453578,
    0.457098,
    0.460283,
    0.453135,
    0.458027,
    0.458857,
    0.457699,
    0.448114,
    0.459635,
    0.455232,
    0.455652,
    0.458068,
    0.449059,
    0.448354,
    0.450474,
    0.449004,
    0.452061,
    0.452176,
    0.450052,
    0.450427,
    0.4534,
    0.453866,
    0.450784,
    0.448003
  ]
}