{
  "status": "completed",
  "run_name": "ackley_d20_beta10_ula_seed1_mlp256x3_eps_seed1",
  "sample_run_name": "ackley_d20_beta10_ula_seed1",
  "n_training_samples": 8192,
  "dim": 20,
  "n_params": 158484,
  "wall_clock_seconds": 19.13,
  "final_loss": 3.777399,
  "loss_history": [
    6.415142,
    3.97915,
    3.970157,
    3.989401,
    3.957888,
    3.972334,
    3.959924,
    3.968426,
    3.939864,
    3.941351,
    3.964032,
    3.9172,
    3.881408,
    3.904598,
    3.858673,
    3.87611,
    3.838916,
    3.843467,
    3.864202,
    3.835754,
    3.810742,
    3.812087,
    3.825413,
    3.799793,
    3.802631,
    3.816634,
    3.805953,
    3.818335,
    3.782009,
    3.800894,
    3.782963,
    3.771591,
    3.789467,
    3.771465,
    3.764174,
    3.772836,
    3.785918,
    3.790759,
    3.782725,
    3.777399
  ]
}