{
  "status": "completed",
  "run_name": "ackley_d20_beta1_ula_seed2_mlp256x3_eps_seed2",
  "sample_run_name": "ackley_d20_beta1_ula_seed2",
  "n_training_samples": 8192,
  "dim": 20,
  "n_params": 158484,
  "wall_clock_seconds": 24.44,
  "final_loss": 10.480821,
  "loss_history": [
    13.721972,
    10.672687,
    10.613222,
    10.582658,
    10.563152,
    10.544065,
    10.572342,
    10.538469,
    10.529419,
    10.518965,
    10.52638,
    10.517676,
    10.525013,
    10.519561,
    10.532103,
    10.557214,
    10.515182,
    10.496251,
    10.525271,
    10.494976,
    10.508085,
    10.494752,
    10.481565,
    10.516318,
    10.476065,
    10.48347,
    10.50909,
    10.512415,
    10.489152,
    10.516006,
    10.494947,
    10.471792,
    10.482227,
    10.472823,
    10.527806,
    10.459905,
    10.482662,
    10.472672,
    10.458288,
    10.480821
  ]
}