{
  "status": "completed",
  "run_name": "ackley_d20_beta5_ula_seed2_mlp256x3_eps_seed2",
  "sample_run_name": "ackley_d20_beta5_ula_seed2",
  "n_training_samples": 8192,
  "dim": 20,
  "n_params": 158484,
  "wall_clock_seconds": 21.15,
  "final_loss": 6.509524,
  "loss_history": [
    10.251989,
    6.920499,
    6.648764,
    6.60149,
    6.601226,
    6.572149,
    6.582585,
    6.557783,
    6.566136,
    6.543987,
    6.537297,
    6.55487,
    6.535767,
    6.536897,
    6.546681,
    6.561445,
    6.527366,
    6.512046,
    6.539,
    6.516111,
    6.525435,
    6.517019,
    6.517478,
    6.53826,
    6.501277,
    6.504039,
    6.524384,
    6.533367,
    6.514489,
    6.533922,
    6.51331,
    6.49599,
    6.513957,
    6.5105,
    6.551885,
    6.503181,
    6.516605,
    6.495945,
    6.487004,
    6.509524
  ]
}