{
  "status": "completed",
  "run_name": "ackley_d20_beta2_ula_seed2_mlp256x3_eps_seed2",
  "sample_run_name": "ackley_d20_beta2_ula_seed2",
  "n_training_samples": 8192,
  "dim": 20,
  "n_params": 158484,
  "wall_clock_seconds": 19.56,
  "final_loss": 9.678091,
  "loss_history": [
    13.128766,
    9.831518,
    9.782476,
    9.756954,
    9.748297,
    9.730066,
    9.760409,
    9.726131,
    9.725148,
    9.710524,
    9.718118,
    9.714882,
    9.717835,
    9.712264,
    9.725129,
    9.750429,
    9.708099,
    9.689055,
    9.720059,
    9.690119,
    9.704229,
    9.693066,
    9.678388,
    9.712214,
    9.671809,
    9.678374,
    9.708193,
    9.710589,
    9.685936,
    9.712088,
    9.690967,
    9.669309,
    9.680542,
    9.671556,
    9.725364,
    9.660441,
    9.682372,
    9.670774,
    9.65681,
    9.678091
  ]
}