{
  "status": "completed",
  "run_name": "ackley_d20_beta1_ula_seed0_mlp256x3_eps_seed0",
  "sample_run_name": "ackley_d20_beta1_ula_seed0",
  "n_training_samples": 8192,
  "dim": 20,
  "n_params": 158484,
  "wall_clock_seconds": 21.2,
  "final_loss": 10.493737,
  "loss_history": [
    13.7111,
    10.671256,
    10.625467,
    10.57904,
    10.537931,
    10.523202,
    10.546189,
    10.53054,
    10.523227,
    10.538999,
    10.528082,
    10.54024,
    10.524727,
    10.525152,
    10.509053,
    10.530204,
    10.529773,
    10.514445,
    10.508012,
    10.526729,
    10.493878,
    10.477563,
    10.503189,
    10.489059,
    10.473806,
    10.486755,
    10.496377,
    10.492451,
    10.497481,
    10.503141,
    10.51484,
    10.491014,
    10.496091,
    10.490097,
    10.460177,
    10.508865,
    10.47046,
    10.511224,
    10.472101,
    10.493737
  ]
}