{
  "status": "completed",
  "run_name": "ackley_d5_beta20_ula_seed2_mlp256x3_eps_seed2",
  "sample_run_name": "ackley_d5_beta20_ula_seed2",
  "n_training_samples": 8192,
  "dim": 5,
  "n_params": 150789,
  "wall_clock_seconds": 19.46,
  "final_loss": 1.20369,
  "loss_history": [
    1.735982,
    1.322114,
    1.318477,
    1.298377,
    1.258108,
    1.234231,
    1.228879,
    1.227307,
    1.229241,
    1.218941,
    1.216667,
    1.219841,
    1.212798,
    1.214974,
    1.214266,
    1.220057,
    1.206334,
    1.211195,
    1.211614,
    1.210392,
    1.213247,
    1.205576,
    1.206298,
    1.206571,
    1.205902,
    1.20461,
    1.204423,
    1.211633,
    1.205751,
    1.208431,
    1.20478,
    1.208564,
    1.202204,
    1.209175,
    1.21362,
    1.208952,
    1.20865,
    1.20187,
    1.196207,
    1.20369
  ]
}