{
  "status": "completed",
  "run_name": "ackley_d20_beta5_ula_seed1_mlp256x3_eps_seed1",
  "sample_run_name": "ackley_d20_beta5_ula_seed1",
  "n_training_samples": 8192,
  "dim": 20,
  "n_params": 158484,
  "wall_clock_seconds": 24.49,
  "final_loss": 6.517546,
  "loss_history": [
    10.09308,
    6.833606,
    6.644516,
    6.633904,
    6.585887,
    6.606502,
    6.582714,
    6.598024,
    6.578204,
    6.568314,
    6.587266,
    6.558181,
    6.515429,
    6.557327,
    6.523593,
    6.54854,
    6.524765,
    6.546622,
    6.563441,
    6.545784,
    6.519278,
    6.540759,
    6.551986,
    6.516298,
    6.536898,
    6.55599,
    6.534585,
    6.541694,
    6.526839,
    6.552715,
    6.516882,
    6.517898,
    6.533183,
    6.518579,
    6.498774,
    6.525809,
    6.529162,
    6.553342,
    6.536036,
    6.517546
  ]
}