{
  "status": "completed",
  "run_name": "ackley_d10_beta20_ula_seed0_mlp256x3_eps_seed0",
  "sample_run_name": "ackley_d10_beta20_ula_seed0",
  "n_training_samples": 8192,
  "dim": 10,
  "n_params": 153354,
  "wall_clock_seconds": 19.9,
  "final_loss": 0.333757,
  "loss_history": [
    2.163693,
    0.837151,
    0.764516,
    0.695444,
    0.46742,
    0.402906,
    0.3966,
    0.3851,
    0.38655,
    0.379529,
    0.380985,
    0.369902,
    0.364043,
    0.358989,
    0.359209,
    0.357765,
    0.365573,
    0.353008,
    0.360509,
    0.354833,
    0.350496,
    0.355489,
    0.347118,
    0.341807,
    0.343997,
    0.341717,
    0.34729,
    0.342243,
    0.339812,
    0.343947,
    0.346451,
    0.345347,
    0.341726,
    0.344848,
    0.336439,
    0.344471,
    0.336825,
    0.347324,
    0.338327,
    0.333757
  ]
}