{
  "status": "completed",
  "run_name": "ackley_d20_beta2_ula_seed0_mlp256x3_eps_seed0",
  "sample_run_name": "ackley_d20_beta2_ula_seed0",
  "n_training_samples": 8192,
  "dim": 20,
  "n_params": 158484,
  "wall_clock_seconds": 23.78,
  "final_loss": 9.693674,
  "loss_history": [
    13.115952,
    9.835023,
    9.80002,
    9.759514,
    9.730353,
    9.71349,
    9.738417,
    9.721563,
    9.723147,
    9.733746,
    9.724232,
    9.734885,
    9.722305,
    9.720822,
    9.706418,
    9.729408,
    9.72814,
    9.715188,
    9.70761,
    9.729922,
    9.69594,
    9.678444,
    9.706294,
    9.68998,
    9.674412,
    9.686184,
    9.69626,
    9.692609,
    9.697797,
    9.704463,
    9.716062,
    9.692759,
    9.695893,
    9.686885,
    9.662639,
    9.708652,
    9.670852,
    9.714564,
    9.673421,
    9.693674
  ]
}