{
  "status": "completed",
  "run_name": "ackley_d10_beta50_ula_seed2_mlp256x3_eps_seed2",
  "sample_run_name": "ackley_d10_beta50_ula_seed2",
  "n_training_samples": 8192,
  "dim": 10,
  "n_params": 153354,
  "wall_clock_seconds": 18.47,
  "final_loss": 2.60921,
  "loss_history": [
    3.822327,
    2.817064,
    2.789522,
    2.723382,
    2.681075,
    2.650477,
    2.635657,
    2.630362,
    2.630304,
    2.624234,
    2.621943,
    2.630008,
    2.623988,
    2.626045,
    2.622299,
    2.625197,
    2.614965,
    2.610829,
    2.619414,
    2.613883,
    2.609994,
    2.614713,
    2.610756,
    2.614179,
    2.595517,
    2.610985,
    2.611032,
    2.616116,
    2.606292,
    2.620047,
    2.610045,
    2.602562,
    2.607492,
    2.606535,
    2.620502,
    2.613443,
    2.613329,
    2.610428,
    2.595965,
    2.60921
  ]
}