{
  "status": "completed",
  "run_name": "ackley_d20_beta10_ula_seed2_mlp256x3_eps_seed2",
  "sample_run_name": "ackley_d20_beta10_ula_seed2",
  "n_training_samples": 8192,
  "dim": 20,
  "n_params": 158484,
  "wall_clock_seconds": 19.75,
  "final_loss": 3.796153,
  "loss_history": [
    6.477316,
    3.989855,
    3.988737,
    3.982621,
    3.987833,
    3.973334,
    3.974172,
    3.953715,
    3.958002,
    3.948398,
    3.924707,
    3.954414,
    3.928049,
    3.91621,
    3.90342,
    3.909515,
    3.880942,
    3.858733,
    3.878123,
    3.857759,
    3.846307,
    3.843238,
    3.831557,
    3.844553,
    3.823356,
    3.81414,
    3.814181,
    3.828102,
    3.808107,
    3.824401,
    3.81199,
    3.804036,
    3.813799,
    3.809083,
    3.828217,
    3.801721,
    3.805691,
    3.788596,
    3.777296,
    3.796153
  ]
}