{
  "status": "completed",
  "run_name": "ackley_d20_beta2_ula_seed1_mlp256x3_eps_seed1",
  "sample_run_name": "ackley_d20_beta2_ula_seed1",
  "n_training_samples": 8192,
  "dim": 20,
  "n_params": 158484,
  "wall_clock_seconds": 17.44,
  "final_loss": 9.665339,
  "loss_history": [
    12.982426,
    9.802339,
    9.756824,
    9.757899,
    9.723453,
    9.755733,
    9.729048,
    9.740409,
    9.740417,
    9.710269,
    9.752525,
    9.725738,
    9.685518,
    9.721604,
    9.674669,
    9.709303,
    9.682435,
    9.709416,
    9.7312,
    9.711269,
    9.679713,
    9.721696,
    9.704906,
    9.6761,
    9.691608,
    9.717207,
    9.704381,
    9.678337,
    9.688576,
    9.715274,
    9.680919,
    9.674442,
    9.683703,
    9.67445,
    9.644319,
    9.681167,
    9.680387,
    9.711184,
    9.700541,
    9.665339
  ]
}