{
  "dim": 5,
  "beta_m": 20.0,
  "n_train": 2048,
  "seed": 2,
  "holdout_seed": 0,
  "counterfactual_setup_cost": 20480000,
  "final_train_loss": 1.19107,
  "best_train_loss": null,
  "delta_E": 1.309982,
  "delta_tail": 3.759972,
  "holdout": {
    "q01": 0.11156,
    "q05": 0.19486,
    "q10": 0.25716,
    "q50": 2.9773,
    "q90": 4.59988,
    "mean": 2.77302,
    "min": 0.03671
  },
  "model_eval": {
    "q01": 2.08021,
    "q05": 2.71885,
    "q10": 3.02669,
    "q50": 4.15743,
    "q90": 5.86041,
    "mean": 4.35903,
    "min": 0.6282
  },
  "downstream": {
    "downstream_q01": 0.18562,
    "downstream_q05": 0.30409,
    "downstream_q10": 0.44122,
    "downstream_q50": 2.44635,
    "downstream_q90": 4.25924,
    "downstream_mean": 2.58544,
    "downstream_min": 0.04869,
    "downstream_oracle_cost_per_use": 81920
  }
}