{
  "dim": 5,
  "beta_m": 5.0,
  "n_train": 256,
  "seed": 0,
  "holdout_seed": 1,
  "counterfactual_setup_cost": 2560000,
  "final_train_loss": 0.27043,
  "best_train_loss": 0.269842,
  "delta_E": 0.134322,
  "delta_tail": 0.04838,
  "holdout": {
    "q01": 0.16399,
    "q05": 0.26622,
    "q10": 0.34385,
    "q50": 0.7534,
    "q90": 1.51607,
    "mean": 0.86636,
    "min": 0.04089
  },
  "model_eval": {
    "q01": 0.17966,
    "q05": 0.31181,
    "q10": 0.39711,
    "q50": 0.8064,
    "q90": 1.38681,
    "mean": 0.85544,
    "min": 0.0699
  },
  "downstream": {
    "downstream_q01": 0.10348,
    "downstream_q05": 0.16157,
    "downstream_q10": 0.20032,
    "downstream_q50": 0.37249,
    "downstream_q90": 0.60113,
    "downstream_mean": 0.38928,
    "downstream_min": 0.04529,
    "downstream_oracle_cost_per_use": 81920
  }
}