{
  "dim": 10,
  "beta_m": 1.0,
  "n_train": 2048,
  "seed": 1,
  "holdout_seed": 2,
  "counterfactual_setup_cost": 20480000,
  "final_train_loss": 4.764849,
  "best_train_loss": null,
  "delta_E": 0.074617,
  "delta_tail": 0.096131,
  "holdout": {
    "q01": 6.22966,
    "q05": 7.51217,
    "q10": 8.23913,
    "q50": 10.99332,
    "q90": 13.66947,
    "mean": 10.97057,
    "min": 3.65691
  },
  "model_eval": {
    "q01": 6.71032,
    "q05": 7.84979,
    "q10": 8.46323,
    "q50": 10.78844,
    "q90": 13.20354,
    "mean": 10.81205,
    "min": 4.34983
  },
  "downstream": {
    "downstream_q01": 5.20617,
    "downstream_q05": 6.39834,
    "downstream_q10": 7.08978,
    "downstream_q50": 9.50799,
    "downstream_q90": 12.0708,
    "downstream_mean": 9.5407,
    "downstream_min": 3.39728,
    "downstream_oracle_cost_per_use": 81920
  }
}