{
  "dim": 10,
  "beta_m": 1.0,
  "n_train": 512,
  "seed": 2,
  "holdout_seed": 0,
  "counterfactual_setup_cost": 5120000,
  "final_train_loss": 3.8902,
  "best_train_loss": 3.887068,
  "delta_E": 0.148418,
  "delta_tail": 0.092688,
  "holdout": {
    "q01": 6.25077,
    "q05": 7.44795,
    "q10": 8.19178,
    "q50": 10.96669,
    "q90": 13.67486,
    "mean": 10.94258,
    "min": 4.20953
  },
  "model_eval": {
    "q01": 6.62828,
    "q05": 7.85346,
    "q10": 8.45005,
    "q50": 10.52307,
    "q90": 12.60068,
    "mean": 10.53085,
    "min": 3.98007
  },
  "downstream": {
    "downstream_q01": 5.39293,
    "downstream_q05": 6.53135,
    "downstream_q10": 7.1471,
    "downstream_q50": 9.2178,
    "downstream_q90": 11.40993,
    "downstream_mean": 9.2511,
    "downstream_min": 3.25931,
    "downstream_oracle_cost_per_use": 81920
  }
}