{
  "dim": 20,
  "beta_m": 1.0,
  "n_train": 8192,
  "seed": 0,
  "holdout_seed": 1,
  "counterfactual_setup_cost": 81920000,
  "final_train_loss": 10.493737,
  "best_train_loss": null,
  "delta_E": 0.007105,
  "delta_tail": 0.017172,
  "holdout": {
    "q01": 9.45527,
    "q05": 10.47021,
    "q10": 11.00396,
    "q50": 12.80647,
    "q90": 14.5159,
    "mean": 12.7742,
    "min": 7.47657
  },
  "model_eval": {
    "q01": 9.57602,
    "q05": 10.54643,
    "q10": 11.04336,
    "q50": 12.78259,
    "q90": 14.48109,
    "mean": 12.76814,
    "min": 7.45777
  },
  "downstream": {
    "downstream_q01": 8.94973,
    "downstream_q05": 9.82722,
    "downstream_q10": 10.34048,
    "downstream_q50": 12.16486,
    "downstream_q90": 13.93797,
    "downstream_mean": 12.14575,
    "downstream_min": 7.20433,
    "downstream_oracle_cost_per_use": 81920
  }
}