{
  "dim": 20,
  "beta_m": 20.0,
  "n_train": 1024,
  "seed": 1,
  "holdout_seed": 2,
  "counterfactual_setup_cost": 10240000,
  "final_train_loss": 0.846907,
  "best_train_loss": 0.846907,
  "delta_E": 0.063791,
  "delta_tail": 0.024257,
  "holdout": {
    "q01": 0.39958,
    "q05": 0.49028,
    "q10": 0.54593,
    "q50": 0.77971,
    "q90": 1.07785,
    "mean": 0.80074,
    "min": 0.25576
  },
  "model_eval": {
    "q01": 0.41798,
    "q05": 0.50803,
    "q10": 0.56191,
    "q50": 0.7649,
    "q90": 0.99511,
    "mean": 0.77273,
    "min": 0.21818
  },
  "downstream": {
    "downstream_q01": 0.20694,
    "downstream_q05": 0.24496,
    "downstream_q10": 0.26813,
    "downstream_q50": 0.36468,
    "downstream_q90": 0.48386,
    "downstream_mean": 0.37236,
    "downstream_min": 0.12054,
    "downstream_oracle_cost_per_use": 81920
  }
}