{
  "dim": 20,
  "beta_m": 1.0,
  "n_train": 1024,
  "seed": 1,
  "holdout_seed": 2,
  "counterfactual_setup_cost": 10240000,
  "final_train_loss": 9.179043,
  "best_train_loss": 9.165943,
  "delta_E": 0.17358,
  "delta_tail": 0.036627,
  "holdout": {
    "q01": 9.45346,
    "q05": 10.45881,
    "q10": 11.01272,
    "q50": 12.84104,
    "q90": 14.52762,
    "mean": 12.7915,
    "min": 7.54592
  },
  "model_eval": {
    "q01": 9.77545,
    "q05": 10.3611,
    "q10": 10.72112,
    "q50": 11.9512,
    "q90": 13.30653,
    "mean": 11.99889,
    "min": 8.82062
  },
  "downstream": {
    "downstream_q01": 8.95957,
    "downstream_q05": 9.61563,
    "downstream_q10": 9.9639,
    "downstream_q50": 11.31011,
    "downstream_q90": 12.73534,
    "downstream_mean": 11.33267,
    "downstream_min": 7.71377,
    "downstream_oracle_cost_per_use": 81920
  }
}