{
  "dim": 5,
  "beta_m": 5.0,
  "n_train": 8192,
  "seed": 0,
  "holdout_seed": 1,
  "counterfactual_setup_cost": 81920000,
  "final_train_loss": 0.26324,
  "best_train_loss": null,
  "delta_E": 0.157916,
  "delta_tail": 0.071157,
  "holdout": {
    "q01": 0.16399,
    "q05": 0.26622,
    "q10": 0.34385,
    "q50": 0.7534,
    "q90": 1.51607,
    "mean": 0.86636,
    "min": 0.04089
  },
  "model_eval": {
    "q01": 0.18936,
    "q05": 0.33095,
    "q10": 0.418,
    "q50": 0.83527,
    "q90": 1.3952,
    "mean": 0.87612,
    "min": 0.0686
  },
  "downstream": {
    "downstream_q01": 0.10401,
    "downstream_q05": 0.16209,
    "downstream_q10": 0.20047,
    "downstream_q50": 0.37288,
    "downstream_q90": 0.60114,
    "downstream_mean": 0.38929,
    "downstream_min": 0.04491,
    "downstream_oracle_cost_per_use": 81920
  }
}