{
  "dim": 5,
  "beta_m": 1.0,
  "n_train": 1024,
  "seed": 2,
  "holdout_seed": 0,
  "counterfactual_setup_cost": 10240000,
  "final_train_loss": 1.934598,
  "best_train_loss": 1.928375,
  "delta_E": 0.097246,
  "delta_tail": 0.150301,
  "holdout": {
    "q01": 3.02977,
    "q05": 3.83451,
    "q10": 4.37613,
    "q50": 7.10011,
    "q90": 10.79195,
    "mean": 7.37651,
    "min": 1.0672
  },
  "model_eval": {
    "q01": 3.39699,
    "q05": 4.19392,
    "q10": 4.73508,
    "q50": 7.27736,
    "q90": 10.54045,
    "mean": 7.5218,
    "min": 1.4584
  },
  "downstream": {
    "downstream_q01": 1.69418,
    "downstream_q05": 2.41957,
    "downstream_q10": 2.91442,
    "downstream_q50": 5.67459,
    "downstream_q90": 9.05684,
    "downstream_mean": 5.86511,
    "downstream_min": 0.17622,
    "downstream_oracle_cost_per_use": 81920
  }
}