{
  "dim": 5,
  "beta_m": 5.0,
  "n_train": 8192,
  "seed": 1,
  "holdout_seed": 2,
  "counterfactual_setup_cost": 81920000,
  "final_train_loss": 0.262274,
  "best_train_loss": null,
  "delta_E": 0.170842,
  "delta_tail": 0.09854,
  "holdout": {
    "q01": 0.15299,
    "q05": 0.25858,
    "q10": 0.34209,
    "q50": 0.75548,
    "q90": 1.53503,
    "mean": 0.87093,
    "min": 0.05809
  },
  "model_eval": {
    "q01": 0.21044,
    "q05": 0.32515,
    "q10": 0.40913,
    "q50": 0.82412,
    "q90": 1.3708,
    "mean": 0.86557,
    "min": 0.05956
  },
  "downstream": {
    "downstream_q01": 0.10247,
    "downstream_q05": 0.16118,
    "downstream_q10": 0.19545,
    "downstream_q50": 0.36961,
    "downstream_q90": 0.60285,
    "downstream_mean": 0.38781,
    "downstream_min": 0.03257,
    "downstream_oracle_cost_per_use": 81920
  }
}