{
  "dim": 10,
  "beta_m": 5.0,
  "n_train": 8192,
  "seed": 0,
  "holdout_seed": 1,
  "counterfactual_setup_cost": 81920000,
  "final_train_loss": 1.886839,
  "best_train_loss": null,
  "delta_E": 0.349939,
  "delta_tail": 1.076745,
  "holdout": {
    "q01": 0.92806,
    "q05": 1.61307,
    "q10": 2.02917,
    "q50": 3.28338,
    "q90": 4.39596,
    "mean": 3.25029,
    "min": 0.44307
  },
  "model_eval": {
    "q01": 2.48289,
    "q05": 2.87185,
    "q10": 3.07123,
    "q50": 3.71368,
    "q90": 4.3694,
    "mean": 3.71763,
    "min": 1.60741
  },
  "downstream": {
    "downstream_q01": 0.22149,
    "downstream_q05": 0.69881,
    "downstream_q10": 1.30281,
    "downstream_q50": 2.36526,
    "downstream_q90": 3.21205,
    "downstream_mean": 2.29253,
    "downstream_min": 0.09277,
    "downstream_oracle_cost_per_use": 81920
  }
}