{
  "dim": 20,
  "beta_m": 1.0,
  "n_train": 256,
  "seed": 2,
  "holdout_seed": 0,
  "counterfactual_setup_cost": 2560000,
  "final_train_loss": 5.086195,
  "best_train_loss": 5.083149,
  "delta_E": 0.517654,
  "delta_tail": 0.281549,
  "holdout": {
    "q01": 9.41668,
    "q05": 10.43606,
    "q10": 10.94313,
    "q50": 12.85037,
    "q90": 14.55605,
    "mean": 12.78708,
    "min": 6.94342
  },
  "model_eval": {
    "q01": 7.97307,
    "q05": 8.65986,
    "q10": 8.989,
    "q50": 10.31327,
    "q90": 11.87758,
    "mean": 10.38579,
    "min": 6.89943
  },
  "downstream": {
    "downstream_q01": 7.2589,
    "downstream_q05": 7.88422,
    "downstream_q10": 8.23294,
    "downstream_q50": 9.648,
    "downstream_q90": 11.29493,
    "downstream_mean": 9.72443,
    "downstream_min": 6.1818,
    "downstream_oracle_cost_per_use": 81920
  }
}