{
  "dim": 10,
  "beta_m": 20.0,
  "n_train": 256,
  "seed": 2,
  "holdout_seed": 0,
  "counterfactual_setup_cost": 2560000,
  "final_train_loss": 0.280371,
  "best_train_loss": 0.275747,
  "delta_E": 0.025506,
  "delta_tail": 0.01873,
  "holdout": {
    "q01": 0.17191,
    "q05": 0.22319,
    "q10": 0.26009,
    "q50": 0.42083,
    "q90": 0.64733,
    "mean": 0.46882,
    "min": 0.09805
  },
  "model_eval": {
    "q01": 0.182,
    "q05": 0.23601,
    "q10": 0.26998,
    "q50": 0.424,
    "q90": 0.62415,
    "mean": 0.43917,
    "min": 0.08667
  },
  "downstream": {
    "downstream_q01": 0.12002,
    "downstream_q05": 0.15554,
    "downstream_q10": 0.17779,
    "downstream_q50": 0.27224,
    "downstream_q90": 0.3907,
    "downstream_mean": 0.27966,
    "downstream_min": 0.03447,
    "downstream_oracle_cost_per_use": 81920
  }
}