{
  "dim": 5,
  "beta_m": 5.0,
  "n_train": 1024,
  "seed": 0,
  "holdout_seed": 1,
  "counterfactual_setup_cost": 10240000,
  "final_train_loss": 0.27017,
  "best_train_loss": 0.268093,
  "delta_E": 0.152082,
  "delta_tail": 0.084203,
  "holdout": {
    "q01": 0.16399,
    "q05": 0.26622,
    "q10": 0.34385,
    "q50": 0.7534,
    "q90": 1.51607,
    "mean": 0.86636,
    "min": 0.04089
  },
  "model_eval": {
    "q01": 0.19801,
    "q05": 0.33882,
    "q10": 0.43068,
    "q50": 0.85843,
    "q90": 1.44127,
    "mean": 0.9018,
    "min": 0.07395
  },
  "downstream": {
    "downstream_q01": 0.10253,
    "downstream_q05": 0.16187,
    "downstream_q10": 0.20038,
    "downstream_q50": 0.37329,
    "downstream_q90": 0.60095,
    "downstream_mean": 0.3893,
    "downstream_min": 0.04505,
    "downstream_oracle_cost_per_use": 81920
  }
}