{
  "dim": 20,
  "beta_m": 20.0,
  "n_train": 512,
  "seed": 0,
  "holdout_seed": 1,
  "counterfactual_setup_cost": 5120000,
  "final_train_loss": 0.848109,
  "best_train_loss": 0.848109,
  "delta_E": 0.05923,
  "delta_tail": 0.040291,
  "holdout": {
    "q01": 0.39724,
    "q05": 0.49585,
    "q10": 0.55382,
    "q50": 0.78456,
    "q90": 1.0984,
    "mean": 0.80927,
    "min": 0.22667
  },
  "model_eval": {
    "q01": 0.43223,
    "q05": 0.52113,
    "q10": 0.57328,
    "q50": 0.77998,
    "q90": 1.01674,
    "mean": 0.78912,
    "min": 0.25781
  },
  "downstream": {
    "downstream_q01": 0.20161,
    "downstream_q05": 0.24045,
    "downstream_q10": 0.26725,
    "downstream_q50": 0.36371,
    "downstream_q90": 0.4863,
    "downstream_mean": 0.37104,
    "downstream_min": 0.12187,
    "downstream_oracle_cost_per_use": 81920
  }
}