{
  "dim": 20,
  "beta_m": 5.0,
  "n_train": 2048,
  "seed": 2,
  "holdout_seed": 0,
  "counterfactual_setup_cost": 20480000,
  "final_train_loss": 6.458628,
  "best_train_loss": null,
  "delta_E": 0.054687,
  "delta_tail": 0.119718,
  "holdout": {
    "q01": 4.03213,
    "q05": 4.53678,
    "q10": 4.848,
    "q50": 6.0721,
    "q90": 7.55237,
    "mean": 6.15189,
    "min": 3.03495
  },
  "model_eval": {
    "q01": 4.38583,
    "q05": 4.84593,
    "q10": 5.10499,
    "q50": 6.13527,
    "q90": 7.48578,
    "mean": 6.23523,
    "min": 3.67269
  },
  "downstream": {
    "downstream_q01": 3.518,
    "downstream_q05": 4.02781,
    "downstream_q10": 4.30043,
    "downstream_q50": 5.38373,
    "downstream_q90": 6.79598,
    "downstream_mean": 5.48202,
    "downstream_min": 2.78953,
    "downstream_oracle_cost_per_use": 81920
  }
}