{
  "dim": 20,
  "beta_m": 5.0,
  "n_train": 512,
  "seed": 2,
  "holdout_seed": 0,
  "counterfactual_setup_cost": 5120000,
  "final_train_loss": 6.19461,
  "best_train_loss": 6.171316,
  "delta_E": 0.088404,
  "delta_tail": 0.119508,
  "holdout": {
    "q01": 4.03213,
    "q05": 4.53678,
    "q10": 4.848,
    "q50": 6.0721,
    "q90": 7.55237,
    "mean": 6.15189,
    "min": 3.03495
  },
  "model_eval": {
    "q01": 4.39966,
    "q05": 4.83094,
    "q10": 5.06425,
    "q50": 6.00138,
    "q90": 7.21414,
    "mean": 6.08962,
    "min": 3.72651
  },
  "downstream": {
    "downstream_q01": 3.53086,
    "downstream_q05": 3.98273,
    "downstream_q10": 4.24281,
    "downstream_q50": 5.24975,
    "downstream_q90": 6.5565,
    "downstream_mean": 5.34516,
    "downstream_min": 2.74237,
    "downstream_oracle_cost_per_use": 81920
  }
}