{
  "dim": 5,
  "beta_m": 1.0,
  "n_train": 8192,
  "seed": 2,
  "holdout_seed": 0,
  "counterfactual_setup_cost": 81920000,
  "final_train_loss": 1.961593,
  "best_train_loss": null,
  "delta_E": 0.064513,
  "delta_tail": 0.156866,
  "holdout": {
    "q01": 3.02977,
    "q05": 3.83451,
    "q10": 4.37613,
    "q50": 7.10011,
    "q90": 10.79195,
    "mean": 7.37651,
    "min": 1.0672
  },
  "model_eval": {
    "q01": 3.39722,
    "q05": 4.22543,
    "q10": 4.79011,
    "q50": 7.18476,
    "q90": 10.76802,
    "mean": 7.52881,
    "min": 1.60662
  },
  "downstream": {
    "downstream_q01": 1.70205,
    "downstream_q05": 2.42512,
    "downstream_q10": 2.93135,
    "downstream_q50": 5.56171,
    "downstream_q90": 9.24697,
    "downstream_mean": 5.88412,
    "downstream_min": 0.15754,
    "downstream_oracle_cost_per_use": 81920
  }
}