{
  "dim": 10,
  "beta_m": 5.0,
  "n_train": 256,
  "seed": 1,
  "holdout_seed": 2,
  "counterfactual_setup_cost": 2560000,
  "final_train_loss": 1.793596,
  "best_train_loss": 1.790282,
  "delta_E": 0.301806,
  "delta_tail": 0.963331,
  "holdout": {
    "q01": 0.95971,
    "q05": 1.54439,
    "q10": 1.98284,
    "q50": 3.27768,
    "q90": 4.36347,
    "mean": 3.22666,
    "min": 0.40108
  },
  "model_eval": {
    "q01": 2.27456,
    "q05": 2.68063,
    "q10": 2.88144,
    "q50": 3.55923,
    "q90": 4.25259,
    "mean": 3.5773,
    "min": 0.84935
  },
  "downstream": {
    "downstream_q01": 0.19126,
    "downstream_q05": 0.29222,
    "downstream_q10": 0.58305,
    "downstream_q50": 2.13971,
    "downstream_q90": 3.10992,
    "downstream_mean": 2.05904,
    "downstream_min": 0.09804,
    "downstream_oracle_cost_per_use": 81920
  }
}