{
  "dim": 10,
  "beta_m": 5.0,
  "n_train": 8192,
  "seed": 2,
  "holdout_seed": 0,
  "counterfactual_setup_cost": 81920000,
  "final_train_loss": 1.921259,
  "best_train_loss": null,
  "delta_E": 0.348671,
  "delta_tail": 1.068316,
  "holdout": {
    "q01": 0.93771,
    "q05": 1.59926,
    "q10": 2.00887,
    "q50": 3.25602,
    "q90": 4.35029,
    "mean": 3.21618,
    "min": 0.36743
  },
  "model_eval": {
    "q01": 2.47277,
    "q05": 2.84103,
    "q10": 3.04293,
    "q50": 3.68917,
    "q90": 4.33355,
    "mean": 3.68826,
    "min": 1.35309
  },
  "downstream": {
    "downstream_q01": 0.2186,
    "downstream_q05": 0.50685,
    "downstream_q10": 1.27699,
    "downstream_q50": 2.315,
    "downstream_q90": 3.16809,
    "downstream_mean": 2.24738,
    "downstream_min": 0.03453,
    "downstream_oracle_cost_per_use": 81920
  }
}