{
  "dim": 5,
  "beta_m": 1.0,
  "n_train": 2048,
  "seed": 2,
  "holdout_seed": 0,
  "counterfactual_setup_cost": 20480000,
  "final_train_loss": 1.951921,
  "best_train_loss": null,
  "delta_E": 0.066841,
  "delta_tail": 0.14623,
  "holdout": {
    "q01": 3.02977,
    "q05": 3.83451,
    "q10": 4.37613,
    "q50": 7.10011,
    "q90": 10.79195,
    "mean": 7.37651,
    "min": 1.0672
  },
  "model_eval": {
    "q01": 3.39289,
    "q05": 4.17834,
    "q10": 4.76109,
    "q50": 7.22655,
    "q90": 10.76193,
    "mean": 7.53455,
    "min": 1.90405
  },
  "downstream": {
    "downstream_q01": 1.68656,
    "downstream_q05": 2.41513,
    "downstream_q10": 2.9165,
    "downstream_q50": 5.6113,
    "downstream_q90": 9.20094,
    "downstream_mean": 5.88972,
    "downstream_min": 0.12031,
    "downstream_oracle_cost_per_use": 81920
  }
}