{
  "dim": 10,
  "beta_m": 5.0,
  "n_train": 2048,
  "seed": 1,
  "holdout_seed": 2,
  "counterfactual_setup_cost": 20480000,
  "final_train_loss": 1.908581,
  "best_train_loss": null,
  "delta_E": 0.371711,
  "delta_tail": 1.121106,
  "holdout": {
    "q01": 0.95971,
    "q05": 1.54439,
    "q10": 1.98284,
    "q50": 3.27768,
    "q90": 4.36347,
    "mean": 3.22666,
    "min": 0.40108
  },
  "model_eval": {
    "q01": 2.48159,
    "q05": 2.87504,
    "q10": 3.0735,
    "q50": 3.73173,
    "q90": 4.40882,
    "mean": 3.73796,
    "min": 0.94902
  },
  "downstream": {
    "downstream_q01": 0.22205,
    "downstream_q05": 0.57117,
    "downstream_q10": 1.29941,
    "downstream_q50": 2.36426,
    "downstream_q90": 3.24857,
    "downstream_mean": 2.29877,
    "downstream_min": 0.11659,
    "downstream_oracle_cost_per_use": 81920
  }
}