{
  "dim": 5,
  "beta_m": 20.0,
  "n_train": 512,
  "seed": 0,
  "holdout_seed": 1,
  "counterfactual_setup_cost": 5120000,
  "final_train_loss": 1.18572,
  "best_train_loss": 1.181859,
  "delta_E": 1.321226,
  "delta_tail": 3.900308,
  "holdout": {
    "q01": 0.10667,
    "q05": 0.18284,
    "q10": 0.24603,
    "q50": 2.97499,
    "q90": 4.65564,
    "mean": 2.76789,
    "min": 0.03673
  },
  "model_eval": {
    "q01": 2.14268,
    "q05": 2.76027,
    "q10": 3.06745,
    "q50": 4.16982,
    "q90": 5.89125,
    "mean": 4.37879,
    "min": 0.87497
  },
  "downstream": {
    "downstream_q01": 0.17778,
    "downstream_q05": 0.32561,
    "downstream_q10": 0.49571,
    "downstream_q50": 2.46366,
    "downstream_q90": 4.23785,
    "downstream_mean": 2.62736,
    "downstream_min": 0.03791,
    "downstream_oracle_cost_per_use": 81920
  }
}