{
  "dim": 5,
  "beta_m": 1.0,
  "n_train": 8192,
  "seed": 1,
  "holdout_seed": 2,
  "counterfactual_setup_cost": 81920000,
  "final_train_loss": 1.96007,
  "best_train_loss": null,
  "delta_E": 0.047716,
  "delta_tail": 0.156884,
  "holdout": {
    "q01": 2.89078,
    "q05": 3.88131,
    "q10": 4.4469,
    "q50": 7.15175,
    "q90": 10.76879,
    "mean": 7.42142,
    "min": 0.6441
  },
  "model_eval": {
    "q01": 3.36925,
    "q05": 4.16864,
    "q10": 4.72826,
    "q50": 7.18451,
    "q90": 10.84364,
    "mean": 7.5653,
    "min": 1.49857
  },
  "downstream": {
    "downstream_q01": 1.67306,
    "downstream_q05": 2.40508,
    "downstream_q10": 2.90705,
    "downstream_q50": 5.45695,
    "downstream_q90": 9.29433,
    "downstream_mean": 5.84008,
    "downstream_min": 0.06403,
    "downstream_oracle_cost_per_use": 81920
  }
}