{
  "dim": 20,
  "beta_m": 1.0,
  "n_train": 1024,
  "seed": 0,
  "holdout_seed": 1,
  "counterfactual_setup_cost": 10240000,
  "final_train_loss": 9.116564,
  "best_train_loss": 9.098403,
  "delta_E": 0.177903,
  "delta_tail": 0.030804,
  "holdout": {
    "q01": 9.45527,
    "q05": 10.47021,
    "q10": 11.00396,
    "q50": 12.80647,
    "q90": 14.5159,
    "mean": 12.7742,
    "min": 7.47657
  },
  "model_eval": {
    "q01": 9.65407,
    "q05": 10.31568,
    "q10": 10.67713,
    "q50": 11.92056,
    "q90": 13.27243,
    "mean": 11.94859,
    "min": 7.93507
  },
  "downstream": {
    "downstream_q01": 8.90465,
    "downstream_q05": 9.55252,
    "downstream_q10": 9.93144,
    "downstream_q50": 11.25229,
    "downstream_q90": 12.66185,
    "downstream_mean": 11.28622,
    "downstream_min": 7.06958,
    "downstream_oracle_cost_per_use": 81920
  }
}