{
  "dim": 10,
  "beta_m": 20.0,
  "n_train": 256,
  "seed": 0,
  "holdout_seed": 1,
  "counterfactual_setup_cost": 2560000,
  "final_train_loss": 0.31222,
  "best_train_loss": 0.31222,
  "delta_E": 0.020663,
  "delta_tail": 0.017312,
  "holdout": {
    "q01": 0.17025,
    "q05": 0.22458,
    "q10": 0.26277,
    "q50": 0.41703,
    "q90": 0.6446,
    "mean": 0.46616,
    "min": 0.09626
  },
  "model_eval": {
    "q01": 0.17804,
    "q05": 0.23799,
    "q10": 0.27123,
    "q50": 0.42446,
    "q90": 0.63121,
    "mean": 0.44745,
    "min": 0.06361
  },
  "downstream": {
    "downstream_q01": 0.11947,
    "downstream_q05": 0.15459,
    "downstream_q10": 0.17549,
    "downstream_q50": 0.27129,
    "downstream_q90": 0.39356,
    "downstream_mean": 0.28221,
    "downstream_min": 0.06037,
    "downstream_oracle_cost_per_use": 81920
  }
}