{
  "dim": 20,
  "beta_m": 1.0,
  "n_train": 1024,
  "seed": 2,
  "holdout_seed": 0,
  "counterfactual_setup_cost": 10240000,
  "final_train_loss": 9.293522,
  "best_train_loss": 9.274226,
  "delta_E": 0.164197,
  "delta_tail": 0.033801,
  "holdout": {
    "q01": 9.41668,
    "q05": 10.43606,
    "q10": 10.94313,
    "q50": 12.85037,
    "q90": 14.55605,
    "mean": 12.78708,
    "min": 6.94342
  },
  "model_eval": {
    "q01": 9.72969,
    "q05": 10.36252,
    "q10": 10.69446,
    "q50": 11.97633,
    "q90": 13.40457,
    "mean": 12.01687,
    "min": 8.77301
  },
  "downstream": {
    "downstream_q01": 8.97211,
    "downstream_q05": 9.6202,
    "downstream_q10": 9.97235,
    "downstream_q50": 11.30851,
    "downstream_q90": 12.81089,
    "downstream_mean": 11.35723,
    "downstream_min": 7.62223,
    "downstream_oracle_cost_per_use": 81920
  }
}