{
  "dim": 5,
  "beta_m": 5.0,
  "n_train": 1024,
  "seed": 2,
  "holdout_seed": 0,
  "counterfactual_setup_cost": 10240000,
  "final_train_loss": 0.27612,
  "best_train_loss": 0.272228,
  "delta_E": 0.16476,
  "delta_tail": 0.08465,
  "holdout": {
    "q01": 0.17513,
    "q05": 0.26757,
    "q10": 0.34633,
    "q50": 0.7517,
    "q90": 1.53622,
    "mean": 0.86914,
    "min": 0.06891
  },
  "model_eval": {
    "q01": 0.21042,
    "q05": 0.33958,
    "q10": 0.43062,
    "q50": 0.86928,
    "q90": 1.44948,
    "mean": 0.91118,
    "min": 0.07975
  },
  "downstream": {
    "downstream_q01": 0.10523,
    "downstream_q05": 0.1646,
    "downstream_q10": 0.19853,
    "downstream_q50": 0.36843,
    "downstream_q90": 0.59989,
    "downstream_mean": 0.38564,
    "downstream_min": 0.02888,
    "downstream_oracle_cost_per_use": 81920
  }
}