{
  "dim": 5,
  "beta_m": 1.0,
  "n_train": 512,
  "seed": 0,
  "holdout_seed": 1,
  "counterfactual_setup_cost": 5120000,
  "final_train_loss": 1.878393,
  "best_train_loss": 1.871695,
  "delta_E": 0.103768,
  "delta_tail": 0.116374,
  "holdout": {
    "q01": 2.94729,
    "q05": 3.82092,
    "q10": 4.34892,
    "q50": 7.16984,
    "q90": 10.82056,
    "mean": 7.43284,
    "min": 0.86363
  },
  "model_eval": {
    "q01": 3.27093,
    "q05": 4.05831,
    "q10": 4.5993,
    "q50": 7.06198,
    "q90": 10.33103,
    "mean": 7.30429,
    "min": 2.16123
  },
  "downstream": {
    "downstream_q01": 1.70085,
    "downstream_q05": 2.40795,
    "downstream_q10": 2.89706,
    "downstream_q50": 5.44689,
    "downstream_q90": 8.78952,
    "downstream_mean": 5.68584,
    "downstream_min": 0.06265,
    "downstream_oracle_cost_per_use": 81920
  }
}