{
  "dim": 20,
  "beta_m": 20.0,
  "n_train": 8192,
  "seed": 2,
  "holdout_seed": 0,
  "counterfactual_setup_cost": 81920000,
  "final_train_loss": 0.847106,
  "best_train_loss": null,
  "delta_E": 0.064832,
  "delta_tail": 0.049736,
  "holdout": {
    "q01": 0.38857,
    "q05": 0.48825,
    "q10": 0.54591,
    "q50": 0.78045,
    "q90": 1.08432,
    "mean": 0.80261,
    "min": 0.22817
  },
  "model_eval": {
    "q01": 0.42982,
    "q05": 0.52102,
    "q10": 0.57408,
    "q50": 0.77338,
    "q90": 1.00413,
    "mean": 0.78189,
    "min": 0.22372
  },
  "downstream": {
    "downstream_q01": 0.20482,
    "downstream_q05": 0.24459,
    "downstream_q10": 0.26777,
    "downstream_q50": 0.36525,
    "downstream_q90": 0.48603,
    "downstream_mean": 0.37155,
    "downstream_min": 0.12037,
    "downstream_oracle_cost_per_use": 81920
  }
}