{
  "dim": 20,
  "beta_m": 20.0,
  "n_train": 256,
  "seed": 1,
  "holdout_seed": 2,
  "counterfactual_setup_cost": 2560000,
  "final_train_loss": 0.853922,
  "best_train_loss": 0.853922,
  "delta_E": 0.052037,
  "delta_tail": 0.030994,
  "holdout": {
    "q01": 0.39958,
    "q05": 0.49028,
    "q10": 0.54593,
    "q50": 0.77971,
    "q90": 1.07785,
    "mean": 0.80074,
    "min": 0.25576
  },
  "model_eval": {
    "q01": 0.42167,
    "q05": 0.51438,
    "q10": 0.56625,
    "q50": 0.77324,
    "q90": 1.01203,
    "mean": 0.78243,
    "min": 0.22562
  },
  "downstream": {
    "downstream_q01": 0.20703,
    "downstream_q05": 0.24506,
    "downstream_q10": 0.26817,
    "downstream_q50": 0.36464,
    "downstream_q90": 0.48377,
    "downstream_mean": 0.37239,
    "downstream_min": 0.12041,
    "downstream_oracle_cost_per_use": 81920
  }
}