{
  "dim": 10,
  "beta_m": 20.0,
  "n_train": 256,
  "seed": 1,
  "holdout_seed": 2,
  "counterfactual_setup_cost": 2560000,
  "final_train_loss": 0.31156,
  "best_train_loss": 0.31156,
  "delta_E": 0.018254,
  "delta_tail": 0.006628,
  "holdout": {
    "q01": 0.17241,
    "q05": 0.22658,
    "q10": 0.26179,
    "q50": 0.41557,
    "q90": 0.64313,
    "mean": 0.46225,
    "min": 0.08965
  },
  "model_eval": {
    "q01": 0.17508,
    "q05": 0.23204,
    "q10": 0.26399,
    "q50": 0.41527,
    "q90": 0.61979,
    "mean": 0.44416,
    "min": 0.0936
  },
  "downstream": {
    "downstream_q01": 0.12336,
    "downstream_q05": 0.15765,
    "downstream_q10": 0.17988,
    "downstream_q50": 0.27393,
    "downstream_q90": 0.39206,
    "downstream_mean": 0.28505,
    "downstream_min": 0.07817,
    "downstream_oracle_cost_per_use": 81920
  }
}