{
  "dim": 20,
  "beta_m": 5.0,
  "n_train": 8192,
  "seed": 0,
  "holdout_seed": 1,
  "counterfactual_setup_cost": 81920000,
  "final_train_loss": 6.522998,
  "best_train_loss": null,
  "delta_E": 0.051108,
  "delta_tail": 0.125028,
  "holdout": {
    "q01": 4.00449,
    "q05": 4.53965,
    "q10": 4.86458,
    "q50": 6.06462,
    "q90": 7.5646,
    "mean": 6.1518,
    "min": 3.15125
  },
  "model_eval": {
    "q01": 4.38357,
    "q05": 4.85318,
    "q10": 5.09838,
    "q50": 6.17821,
    "q90": 7.57827,
    "mean": 6.28194,
    "min": 3.58463
  },
  "downstream": {
    "downstream_q01": 3.48644,
    "downstream_q05": 4.01133,
    "downstream_q10": 4.29881,
    "downstream_q50": 5.45156,
    "downstream_q90": 6.92872,
    "downstream_mean": 5.54553,
    "downstream_min": 2.44458,
    "downstream_oracle_cost_per_use": 81920
  }
}