{
  "dim": 5,
  "beta_m": 20.0,
  "n_train": 256,
  "seed": 0,
  "holdout_seed": 1,
  "counterfactual_setup_cost": 2560000,
  "final_train_loss": 1.183249,
  "best_train_loss": 1.178196,
  "delta_E": 1.33827,
  "delta_tail": 3.938445,
  "holdout": {
    "q01": 0.10667,
    "q05": 0.18284,
    "q10": 0.24603,
    "q50": 2.97499,
    "q90": 4.65564,
    "mean": 2.76789,
    "min": 0.03673
  },
  "model_eval": {
    "q01": 2.1698,
    "q05": 2.77826,
    "q10": 3.08295,
    "q50": 4.20908,
    "q90": 5.90424,
    "mean": 4.39386,
    "min": 0.80243
  },
  "downstream": {
    "downstream_q01": 0.17579,
    "downstream_q05": 0.34267,
    "downstream_q10": 0.53047,
    "downstream_q50": 2.48399,
    "downstream_q90": 4.24647,
    "downstream_mean": 2.63847,
    "downstream_min": 0.05706,
    "downstream_oracle_cost_per_use": 81920
  }
}