{
  "dim": 5,
  "beta_m": 20.0,
  "n_train": 2048,
  "seed": 1,
  "holdout_seed": 2,
  "counterfactual_setup_cost": 20480000,
  "final_train_loss": 1.205159,
  "best_train_loss": null,
  "delta_E": 1.356427,
  "delta_tail": 3.946731,
  "holdout": {
    "q01": 0.11289,
    "q05": 0.18569,
    "q10": 0.25097,
    "q50": 2.96283,
    "q90": 4.62187,
    "mean": 2.74046,
    "min": 0.02102
  },
  "model_eval": {
    "q01": 2.15775,
    "q05": 2.82043,
    "q10": 3.10291,
    "q50": 4.20781,
    "q90": 5.90024,
    "mean": 4.42206,
    "min": 0.69888
  },
  "downstream": {
    "downstream_q01": 0.18131,
    "downstream_q05": 0.31499,
    "downstream_q10": 0.4781,
    "downstream_q50": 2.47117,
    "downstream_q90": 4.23759,
    "downstream_mean": 2.6069,
    "downstream_min": 0.04232,
    "downstream_oracle_cost_per_use": 81920
  }
}