{
  "dim": 20,
  "beta_m": 20.0,
  "n_train": 2048,
  "seed": 0,
  "holdout_seed": 1,
  "counterfactual_setup_cost": 20480000,
  "final_train_loss": 0.847122,
  "best_train_loss": null,
  "delta_E": 0.064296,
  "delta_tail": 0.039416,
  "holdout": {
    "q01": 0.39724,
    "q05": 0.49585,
    "q10": 0.55382,
    "q50": 0.78456,
    "q90": 1.0984,
    "mean": 0.80927,
    "min": 0.22667
  },
  "model_eval": {
    "q01": 0.43191,
    "q05": 0.52014,
    "q10": 0.57109,
    "q50": 0.77544,
    "q90": 1.01005,
    "mean": 0.78484,
    "min": 0.28035
  },
  "downstream": {
    "downstream_q01": 0.2017,
    "downstream_q05": 0.24045,
    "downstream_q10": 0.26722,
    "downstream_q50": 0.3636,
    "downstream_q90": 0.48622,
    "downstream_mean": 0.37101,
    "downstream_min": 0.12167,
    "downstream_oracle_cost_per_use": 81920
  }
}