{
  "dim": 10,
  "beta_m": 5.0,
  "n_train": 256,
  "seed": 0,
  "holdout_seed": 1,
  "counterfactual_setup_cost": 2560000,
  "final_train_loss": 1.810971,
  "best_train_loss": 1.804204,
  "delta_E": 0.310327,
  "delta_tail": 0.990084,
  "holdout": {
    "q01": 0.92806,
    "q05": 1.61307,
    "q10": 2.02917,
    "q50": 3.28338,
    "q90": 4.39596,
    "mean": 3.25029,
    "min": 0.44307
  },
  "model_eval": {
    "q01": 2.385,
    "q05": 2.74329,
    "q10": 2.94003,
    "q50": 3.61439,
    "q90": 4.30858,
    "mean": 3.62107,
    "min": 1.53106
  },
  "downstream": {
    "downstream_q01": 0.19408,
    "downstream_q05": 0.33381,
    "downstream_q10": 1.20987,
    "downstream_q50": 2.21781,
    "downstream_q90": 3.1298,
    "downstream_mean": 2.15112,
    "downstream_min": 0.08872,
    "downstream_oracle_cost_per_use": 81920
  }
}