{
  "dim": 20,
  "beta_m": 1.0,
  "n_train": 8192,
  "seed": 2,
  "holdout_seed": 0,
  "counterfactual_setup_cost": 81920000,
  "final_train_loss": 10.480821,
  "best_train_loss": null,
  "delta_E": 0.017583,
  "delta_tail": 0.032791,
  "holdout": {
    "q01": 9.41668,
    "q05": 10.43606,
    "q10": 10.94313,
    "q50": 12.85037,
    "q90": 14.55605,
    "mean": 12.78708,
    "min": 6.94342
  },
  "model_eval": {
    "q01": 9.63992,
    "q05": 10.58782,
    "q10": 11.0789,
    "q50": 12.8076,
    "q90": 14.49106,
    "mean": 12.78645,
    "min": 8.00518
  },
  "downstream": {
    "downstream_q01": 8.96655,
    "downstream_q05": 9.91366,
    "downstream_q10": 10.3799,
    "downstream_q50": 12.12258,
    "downstream_q90": 13.89537,
    "downstream_mean": 12.13384,
    "downstream_min": 7.35344,
    "downstream_oracle_cost_per_use": 81920
  }
}