{
  "dim": 5,
  "beta_m": 5.0,
  "n_train": 2048,
  "seed": 0,
  "holdout_seed": 1,
  "counterfactual_setup_cost": 20480000,
  "final_train_loss": 0.270321,
  "best_train_loss": null,
  "delta_E": 0.15288,
  "delta_tail": 0.075769,
  "holdout": {
    "q01": 0.16399,
    "q05": 0.26622,
    "q10": 0.34385,
    "q50": 0.7534,
    "q90": 1.51607,
    "mean": 0.86636,
    "min": 0.04089
  },
  "model_eval": {
    "q01": 0.19219,
    "q05": 0.33396,
    "q10": 0.42527,
    "q50": 0.85135,
    "q90": 1.42738,
    "mean": 0.89401,
    "min": 0.06666
  },
  "downstream": {
    "downstream_q01": 0.10252,
    "downstream_q05": 0.16187,
    "downstream_q10": 0.20048,
    "downstream_q50": 0.37316,
    "downstream_q90": 0.60091,
    "downstream_mean": 0.38931,
    "downstream_min": 0.04501,
    "downstream_oracle_cost_per_use": 81920
  }
}