{
  "status": "completed",
  "run_name": "ackley_d5_beta50_ula_seed1_mlp256x3_eps_seed1",
  "sample_run_name": "ackley_d5_beta50_ula_seed1",
  "n_training_samples": 8192,
  "dim": 5,
  "n_params": 150789,
  "wall_clock_seconds": 17.82,
  "final_loss": 1.320721,
  "loss_history": [
    1.852489,
    1.430249,
    1.422457,
    1.389467,
    1.347587,
    1.338579,
    1.334991,
    1.333771,
    1.324129,
    1.320442,
    1.330778,
    1.327544,
    1.323476,
    1.324895,
    1.322884,
    1.322769,
    1.3186,
    1.32333,
    1.325179,
    1.323444,
    1.324548,
    1.32349,
    1.319675,
    1.318923,
    1.321545,
    1.327903,
    1.319077,
    1.32441,
    1.323903,
    1.324438,
    1.321087,
    1.315003,
    1.318801,
    1.317275,
    1.314946,
    1.317979,
    1.321252,
    1.331557,
    1.323941,
    1.320721
  ]
}