{
  "status": "completed",
  "run_name": "ackley_d5_beta10_ula_seed2_mlp256x3_eps_seed2",
  "sample_run_name": "ackley_d5_beta10_ula_seed2",
  "n_training_samples": 8192,
  "dim": 5,
  "n_params": 150789,
  "wall_clock_seconds": 23.1,
  "final_loss": 0.144627,
  "loss_history": [
    0.95925,
    0.384436,
    0.357344,
    0.257714,
    0.172123,
    0.161412,
    0.158636,
    0.157222,
    0.155342,
    0.154398,
    0.150604,
    0.15119,
    0.14807,
    0.152945,
    0.150394,
    0.150709,
    0.14798,
    0.147474,
    0.149039,
    0.146276,
    0.145003,
    0.146912,
    0.145265,
    0.146821,
    0.145187,
    0.145817,
    0.146092,
    0.143806,
    0.147769,
    0.1433,
    0.14664,
    0.147761,
    0.144329,
    0.146564,
    0.14453,
    0.144278,
    0.144618,
    0.143327,
    0.138947,
    0.144627
  ]
}