{
  "status": "completed",
  "run_name": "ackley_d10_beta20_ula_seed1_mlp256x3_eps_seed1",
  "sample_run_name": "ackley_d10_beta20_ula_seed1",
  "n_training_samples": 8192,
  "dim": 10,
  "n_params": 153354,
  "wall_clock_seconds": 19.54,
  "final_loss": 0.339025,
  "loss_history": [
    2.140461,
    0.838828,
    0.779898,
    0.737394,
    0.612205,
    0.428348,
    0.406398,
    0.397674,
    0.380593,
    0.379899,
    0.374498,
    0.363286,
    0.360774,
    0.365258,
    0.355433,
    0.36476,
    0.352499,
    0.35074,
    0.355341,
    0.349677,
    0.351279,
    0.351837,
    0.353502,
    0.345803,
    0.347398,
    0.342058,
    0.347824,
    0.346356,
    0.341228,
    0.340912,
    0.342424,
    0.342062,
    0.344387,
    0.341632,
    0.340809,
    0.339975,
    0.340499,
    0.340964,
    0.337645,
    0.339025
  ]
}