{
  "status": "completed",
  "run_name": "ackley_d5_beta10_ula_seed0_mlp256x3_eps_seed0",
  "sample_run_name": "ackley_d5_beta10_ula_seed0",
  "n_training_samples": 8192,
  "dim": 5,
  "n_params": 150789,
  "wall_clock_seconds": 19.82,
  "final_loss": 0.140662,
  "loss_history": [
    0.941377,
    0.391251,
    0.362357,
    0.272143,
    0.170733,
    0.160525,
    0.15887,
    0.155689,
    0.153884,
    0.152085,
    0.151331,
    0.151902,
    0.150538,
    0.14898,
    0.149191,
    0.150547,
    0.150356,
    0.148771,
    0.151792,
    0.149162,
    0.148242,
    0.146622,
    0.144018,
    0.147162,
    0.143292,
    0.144229,
    0.145101,
    0.140635,
    0.142525,
    0.144537,
    0.144627,
    0.14598,
    0.145185,
    0.145493,
    0.144307,
    0.142946,
    0.141188,
    0.143539,
    0.141947,
    0.140662
  ]
}