{
  "status": "completed",
  "run_name": "ackley_d20_beta20_ula_seed2_mlp256x3_eps_seed2",
  "sample_run_name": "ackley_d20_beta20_ula_seed2",
  "n_training_samples": 8192,
  "dim": 20,
  "n_params": 158484,
  "wall_clock_seconds": 19.04,
  "final_loss": 0.847106,
  "loss_history": [
    5.010406,
    2.028369,
    1.700292,
    1.595025,
    1.509559,
    1.415323,
    1.205156,
    0.972838,
    0.929048,
    0.908948,
    0.900577,
    0.900922,
    0.888685,
    0.885332,
    0.882339,
    0.880837,
    0.875355,
    0.874134,
    0.880273,
    0.868424,
    0.861781,
    0.864032,
    0.864678,
    0.870511,
    0.862137,
    0.858027,
    0.855986,
    0.849681,
    0.859595,
    0.863241,
    0.857574,
    0.85724,
    0.857205,
    0.866066,
    0.855476,
    0.855043,
    0.847533,
    0.846434,
    0.840046,
    0.847106
  ]
}