{
  "status": "completed",
  "run_name": "ackley_d10_beta50_ula_seed0_mlp256x3_eps_seed0",
  "sample_run_name": "ackley_d10_beta50_ula_seed0",
  "n_training_samples": 8192,
  "dim": 10,
  "n_params": 153354,
  "wall_clock_seconds": 19.71,
  "final_loss": 2.611488,
  "loss_history": [
    3.817757,
    2.824658,
    2.795856,
    2.729708,
    2.686135,
    2.631889,
    2.645318,
    2.631981,
    2.630673,
    2.62336,
    2.634176,
    2.628997,
    2.62428,
    2.623508,
    2.620002,
    2.626526,
    2.637728,
    2.618913,
    2.621811,
    2.627439,
    2.620352,
    2.615425,
    2.624235,
    2.616876,
    2.605127,
    2.608725,
    2.6163,
    2.610207,
    2.615374,
    2.608363,
    2.624854,
    2.609122,
    2.61572,
    2.61112,
    2.605216,
    2.617042,
    2.607348,
    2.619927,
    2.60155,
    2.611488
  ]
}