{
  "status": "completed",
  "run_name": "ackley_d5_beta50_ula_seed2_mlp256x3_eps_seed2",
  "sample_run_name": "ackley_d5_beta50_ula_seed2",
  "n_training_samples": 8192,
  "dim": 5,
  "n_params": 150789,
  "wall_clock_seconds": 21.01,
  "final_loss": 1.309529,
  "loss_history": [
    1.85049,
    1.420138,
    1.405069,
    1.363027,
    1.332637,
    1.325797,
    1.32291,
    1.324361,
    1.327146,
    1.317933,
    1.317469,
    1.323715,
    1.315892,
    1.32106,
    1.319119,
    1.326435,
    1.31398,
    1.317272,
    1.318782,
    1.318438,
    1.318896,
    1.312254,
    1.312643,
    1.313485,
    1.31195,
    1.312082,
    1.311291,
    1.318742,
    1.313121,
    1.31499,
    1.312065,
    1.313929,
    1.309311,
    1.316303,
    1.321967,
    1.316318,
    1.31525,
    1.311462,
    1.302598,
    1.309529
  ]
}