{
  "status": "completed",
  "run_name": "ackley_d5_beta10_ula_seed1_mlp256x3_eps_seed1",
  "sample_run_name": "ackley_d5_beta10_ula_seed1",
  "n_training_samples": 8192,
  "dim": 5,
  "n_params": 150789,
  "wall_clock_seconds": 19.28,
  "final_loss": 0.143795,
  "loss_history": [
    0.943954,
    0.387907,
    0.366233,
    0.309924,
    0.178546,
    0.16918,
    0.162676,
    0.161871,
    0.153408,
    0.156979,
    0.152478,
    0.151304,
    0.153402,
    0.15205,
    0.150631,
    0.151378,
    0.148523,
    0.148495,
    0.150168,
    0.147061,
    0.148707,
    0.146283,
    0.144769,
    0.144512,
    0.148598,
    0.147898,
    0.148926,
    0.150117,
    0.144026,
    0.14587,
    0.147585,
    0.148418,
    0.144201,
    0.14528,
    0.142717,
    0.143578,
    0.147463,
    0.148394,
    0.145414,
    0.143795
  ]
}