{
  "status": "completed",
  "run_name": "ackley_d20_beta50_ula_seed0_mlp256x3_eps_seed0",
  "sample_run_name": "ackley_d20_beta50_ula_seed0",
  "n_training_samples": 8192,
  "dim": 20,
  "n_params": 158484,
  "wall_clock_seconds": 24.47,
  "final_loss": 3.793096,
  "loss_history": [
    6.499695,
    4.064249,
    4.061285,
    4.041387,
    4.045718,
    4.0093,
    4.032838,
    4.005345,
    4.030075,
    4.000972,
    3.992234,
    3.983362,
    3.956605,
    3.930451,
    3.909212,
    3.91004,
    3.912131,
    3.889454,
    3.853473,
    3.883852,
    3.849669,
    3.827384,
    3.827531,
    3.821353,
    3.806979,
    3.801472,
    3.802202,
    3.802236,
    3.808129,
    3.808195,
    3.815806,
    3.799376,
    3.80239,
    3.786691,
    3.78088,
    3.800091,
    3.786452,
    3.801553,
    3.790255,
    3.793096
  ]
}