{
  "status": "completed",
  "run_name": "ackley_d20_beta20_ula_seed0_mlp256x3_eps_seed0",
  "sample_run_name": "ackley_d20_beta20_ula_seed0",
  "n_training_samples": 8192,
  "dim": 20,
  "n_params": 158484,
  "wall_clock_seconds": 18.31,
  "final_loss": 0.842248,
  "loss_history": [
    4.952507,
    2.023307,
    1.701696,
    1.587027,
    1.520866,
    1.444079,
    1.351714,
    1.101453,
    0.945884,
    0.922138,
    0.900693,
    0.906019,
    0.896038,
    0.886031,
    0.888866,
    0.888021,
    0.884898,
    0.881763,
    0.878427,
    0.883326,
    0.875347,
    0.868063,
    0.862558,
    0.865352,
    0.858703,
    0.856439,
    0.860555,
    0.853624,
    0.85652,
    0.860973,
    0.861906,
    0.855437,
    0.856411,
    0.859006,
    0.852173,
    0.860831,
    0.851506,
    0.856096,
    0.844616,
    0.842248
  ]
}