{
  "status": "completed",
  "run_name": "ackley_d20_beta1_ula_seed1_mlp256x3_eps_seed1",
  "sample_run_name": "ackley_d20_beta1_ula_seed1",
  "n_training_samples": 8192,
  "dim": 20,
  "n_params": 158484,
  "wall_clock_seconds": 23.72,
  "final_loss": 10.460339,
  "loss_history": [
    13.611602,
    10.640834,
    10.581148,
    10.572285,
    10.533665,
    10.561946,
    10.532467,
    10.54345,
    10.547102,
    10.511913,
    10.557851,
    10.530218,
    10.48964,
    10.525461,
    10.475372,
    10.512934,
    10.484874,
    10.509374,
    10.535086,
    10.51387,
    10.482771,
    10.524147,
    10.502711,
    10.480577,
    10.492316,
    10.515127,
    10.50582,
    10.475066,
    10.489686,
    10.515697,
    10.483612,
    10.472464,
    10.48217,
    10.47411,
    10.442864,
    10.477876,
    10.476789,
    10.508714,
    10.50014,
    10.460339
  ]
}