{
  "status": "completed",
  "run_name": "ackley_d20_beta50_ula_seed2_mlp256x3_eps_seed2",
  "sample_run_name": "ackley_d20_beta50_ula_seed2",
  "n_training_samples": 8192,
  "dim": 20,
  "n_params": 158484,
  "wall_clock_seconds": 20.79,
  "final_loss": 3.797316,
  "loss_history": [
    6.525111,
    4.03508,
    4.038041,
    4.035067,
    4.023469,
    4.007723,
    4.01268,
    3.987203,
    3.99305,
    3.978763,
    3.962472,
    3.978076,
    3.953305,
    3.933508,
    3.919527,
    3.927228,
    3.88834,
    3.865555,
    3.885672,
    3.870015,
    3.846873,
    3.843972,
    3.837546,
    3.848438,
    3.81422,
    3.817246,
    3.820663,
    3.815089,
    3.823028,
    3.821246,
    3.814213,
    3.797469,
    3.797384,
    3.809698,
    3.828601,
    3.806021,
    3.799945,
    3.794275,
    3.781205,
    3.797316
  ]
}