{
  "status": "completed",
  "run_name": "ackley_d20_beta50_ula_seed1_mlp256x3_eps_seed1",
  "sample_run_name": "ackley_d20_beta50_ula_seed1",
  "n_training_samples": 8192,
  "dim": 20,
  "n_params": 158484,
  "wall_clock_seconds": 19.42,
  "final_loss": 3.785101,
  "loss_history": [
    6.45923,
    4.038196,
    4.031962,
    4.042187,
    4.004163,
    4.031853,
    4.025047,
    4.014495,
    3.978215,
    3.9918,
    4.002691,
    3.957163,
    3.915262,
    3.942037,
    3.890679,
    3.895872,
    3.863585,
    3.870943,
    3.877638,
    3.851978,
    3.825874,
    3.824448,
    3.836735,
    3.808108,
    3.820706,
    3.818364,
    3.807215,
    3.821482,
    3.792934,
    3.812805,
    3.779505,
    3.793638,
    3.801425,
    3.789537,
    3.772544,
    3.776328,
    3.791824,
    3.799706,
    3.785337,
    3.785101
  ]
}