{
  "status": "completed",
  "run_name": "ackley_d10_beta10_ula_seed0_mlp256x3_eps_seed0",
  "sample_run_name": "ackley_d10_beta10_ula_seed0",
  "n_training_samples": 8192,
  "dim": 10,
  "n_params": 153354,
  "wall_clock_seconds": 18.83,
  "final_loss": 0.436293,
  "loss_history": [
    2.167078,
    0.845641,
    0.777802,
    0.721045,
    0.526584,
    0.467362,
    0.46282,
    0.454997,
    0.46247,
    0.456334,
    0.455878,
    0.453713,
    0.452534,
    0.449488,
    0.453356,
    0.45081,
    0.454577,
    0.451317,
    0.454437,
    0.453053,
    0.448922,
    0.447165,
    0.443888,
    0.442401,
    0.447704,
    0.441953,
    0.447578,
    0.440705,
    0.443716,
    0.443516,
    0.442884,
    0.444873,
    0.442005,
    0.445702,
    0.441239,
    0.445975,
    0.442324,
    0.443457,
    0.437509,
    0.436293
  ]
}