{
  "status": "completed",
  "run_name": "ackley_d5_beta20_ula_seed0_mlp256x3_eps_seed0",
  "sample_run_name": "ackley_d5_beta20_ula_seed0",
  "n_training_samples": 8192,
  "dim": 5,
  "n_params": 150789,
  "wall_clock_seconds": 18.29,
  "final_loss": 1.212434,
  "loss_history": [
    1.722302,
    1.331363,
    1.321627,
    1.312374,
    1.292701,
    1.261649,
    1.24281,
    1.23219,
    1.240961,
    1.226127,
    1.229248,
    1.231871,
    1.223713,
    1.225484,
    1.218618,
    1.227175,
    1.225763,
    1.219554,
    1.217879,
    1.226415,
    1.220375,
    1.214527,
    1.219939,
    1.210756,
    1.208641,
    1.209528,
    1.212637,
    1.212975,
    1.216574,
    1.217759,
    1.217193,
    1.217813,
    1.215714,
    1.210515,
    1.210208,
    1.214725,
    1.214892,
    1.214676,
    1.209362,
    1.212434
  ]
}