{
  "status": "completed",
  "run_name": "ackley_d20_beta5_ula_seed0_mlp256x3_eps_seed0",
  "sample_run_name": "ackley_d20_beta5_ula_seed0",
  "n_training_samples": 8192,
  "dim": 20,
  "n_params": 158484,
  "wall_clock_seconds": 24.39,
  "final_loss": 6.522998,
  "loss_history": [
    10.188146,
    6.908739,
    6.687979,
    6.629208,
    6.602837,
    6.559257,
    6.578584,
    6.574496,
    6.576954,
    6.567508,
    6.558492,
    6.572179,
    6.561189,
    6.546349,
    6.547422,
    6.560594,
    6.564358,
    6.544852,
    6.543515,
    6.566951,
    6.543797,
    6.525415,
    6.538876,
    6.528328,
    6.513575,
    6.512373,
    6.523147,
    6.525194,
    6.528552,
    6.532332,
    6.550127,
    6.531402,
    6.533955,
    6.516002,
    6.513023,
    6.545335,
    6.519937,
    6.545376,
    6.509563,
    6.522998
  ]
}