{
  "status": "completed",
  "run_name": "ackley_d5_beta50_ula_seed0_mlp256x3_eps_seed0",
  "sample_run_name": "ackley_d5_beta50_ula_seed0",
  "n_training_samples": 8192,
  "dim": 5,
  "n_params": 150789,
  "wall_clock_seconds": 21.8,
  "final_loss": 1.317633,
  "loss_history": [
    1.839862,
    1.428674,
    1.414876,
    1.390474,
    1.353502,
    1.327448,
    1.325909,
    1.325626,
    1.3333,
    1.319893,
    1.32491,
    1.329494,
    1.320493,
    1.323413,
    1.319291,
    1.329367,
    1.328485,
    1.322257,
    1.322081,
    1.33011,
    1.323826,
    1.318109,
    1.324975,
    1.316896,
    1.310861,
    1.314655,
    1.316886,
    1.318152,
    1.320165,
    1.321219,
    1.32155,
    1.321545,
    1.318554,
    1.315759,
    1.313476,
    1.318338,
    1.318113,
    1.318713,
    1.311894,
    1.317633
  ]
}