{
  "status": "completed",
  "run_name": "ackley_d10_beta50_ula_seed1_mlp256x3_eps_seed1",
  "sample_run_name": "ackley_d10_beta50_ula_seed1",
  "n_training_samples": 8192,
  "dim": 10,
  "n_params": 153354,
  "wall_clock_seconds": 21.34,
  "final_loss": 2.610449,
  "loss_history": [
    3.829031,
    2.81801,
    2.793603,
    2.744148,
    2.666631,
    2.650363,
    2.645373,
    2.646135,
    2.633008,
    2.631525,
    2.642031,
    2.626373,
    2.61317,
    2.636503,
    2.614852,
    2.621253,
    2.612123,
    2.623372,
    2.634844,
    2.626696,
    2.616143,
    2.615267,
    2.629732,
    2.610685,
    2.618627,
    2.6315,
    2.615473,
    2.627079,
    2.61681,
    2.619287,
    2.613168,
    2.61337,
    2.617618,
    2.607539,
    2.599043,
    2.610133,
    2.61499,
    2.620161,
    2.614955,
    2.610449
  ]
}