{
  "status": "completed",
  "run_name": "ackley_d20_beta20_ula_seed1_mlp256x3_eps_seed1",
  "sample_run_name": "ackley_d20_beta20_ula_seed1",
  "n_training_samples": 8192,
  "dim": 20,
  "n_params": 158484,
  "wall_clock_seconds": 19.37,
  "final_loss": 0.853325,
  "loss_history": [
    4.944531,
    2.022646,
    1.699311,
    1.587263,
    1.50361,
    1.438153,
    1.339336,
    1.137265,
    0.935657,
    0.921369,
    0.914339,
    0.88809,
    0.891524,
    0.894737,
    0.884201,
    0.891738,
    0.872971,
    0.88116,
    0.889443,
    0.870104,
    0.876688,
    0.86926,
    0.874878,
    0.867554,
    0.880497,
    0.865508,
    0.872142,
    0.87324,
    0.859884,
    0.861968,
    0.858682,
    0.860773,
    0.862734,
    0.857306,
    0.860354,
    0.856855,
    0.865453,
    0.863776,
    0.858245,
    0.853325
  ]
}