{
  "status": "completed",
  "run_name": "ackley_d10_beta20_ula_seed2_mlp256x3_eps_seed2",
  "sample_run_name": "ackley_d10_beta20_ula_seed2",
  "n_training_samples": 8192,
  "dim": 10,
  "n_params": 153354,
  "wall_clock_seconds": 23.72,
  "final_loss": 0.330411,
  "loss_history": [
    2.152069,
    0.868555,
    0.783465,
    0.736494,
    0.571288,
    0.404993,
    0.388233,
    0.382375,
    0.377672,
    0.365487,
    0.359022,
    0.361515,
    0.357097,
    0.361078,
    0.348994,
    0.35039,
    0.346391,
    0.345124,
    0.345962,
    0.339725,
    0.338303,
    0.339346,
    0.336855,
    0.34387,
    0.333496,
    0.335065,
    0.339087,
    0.332455,
    0.333843,
    0.336621,
    0.335643,
    0.331013,
    0.333888,
    0.335112,
    0.331387,
    0.337348,
    0.327018,
    0.331308,
    0.327811,
    0.330411
  ]
}